;Date;unique_id;Singular_Models_SeasWA;Reconcile_BottomUp;Reconcile_TopDown_method-forecast_proportions;Reconcile_MinTrace_method-ols;Reconcile_MinTrace_method-wls_struct;Real_Value
0;2019-01-01;Brasil;1043608.0;1046934.25;1043608.0;1043656.9388686143;1044716.7500000001;863301.0
1;2019-02-01;Brasil;814945.0;817184.25;814945.0;814978.0009124096;815691.4166666667;816032.0
2;2019-03-01;Brasil;634361.5;635976.75;634361.5;634385.3731751833;634899.9166666667;611372.0
3;2019-04-01;Brasil;427595.0;428512.75;427595.0;427608.6231751829;427900.9166666667;497309.0
4;2019-05-01;Brasil;352308.75;353048.5;352308.75;352319.67335766467;352555.33333333326;343094.0
5;2019-06-01;Brasil;331901.0;332714.0;331901.0;331912.9881386865;332172.0;400237.0
6;2019-07-01;Brasil;463100.25;464816.5;463100.25;463125.3978102196;463672.3333333333;459827.0
7;2019-08-01;Brasil;435947.0;437573.0;435947.0;435970.87135036534;436489.00000000006;417794.0
8;2019-09-01;Brasil;376850.75;377556.0;376850.75;376861.19981751865;377085.83333333343;407235.0
9;2019-10-01;Brasil;451222.5;452668.75;451222.5;451243.76733576675;451704.58333333326;413170.0
10;2019-11-01;Brasil;499690.0;501182.25;499690.0;499711.85948905145;500187.4166666667;471671.0
11;2019-12-01;Brasil;684140.25;687370.5;684140.25;684187.6468978109;685217.0000000001;652099.0
12;2019-01-01;Brasil/Acre;3272.5;3272.0;3272.5;3235.6708485393524;3237.60156249971;3842.0
13;2019-02-01;Brasil/Acre;2390.5;2390.5;2390.5;2365.7493156927303;2367.1744791664223;2664.0
14;2019-03-01;Brasil/Acre;1927.25;1927.25;1927.25;1909.3451186126108;1910.4244791664594;2176.0
15;2019-04-01;Brasil/Acre;1923.25;1923.25;1923.25;1913.032618612786;1913.690104166524;2187.0
16;2019-05-01;Brasil/Acre;1792.5;1792.25;1792.4999;1784.244981751539;1784.6692708332141;1785.0
17;2019-06-01;Brasil/Acre;1723.75;1719.25;1723.75;1713.6338959851223;1713.0312499998863;2094.0
18;2019-07-01;Brasil/Acre;3332.0;3328.75;3332.0;3312.3266423354066;3312.497395833186;3256.0
19;2019-08-01;Brasil/Acre;2688.25;2684.75;2688.2498;2669.471487225913;2669.5624999998554;2801.0
20;2019-09-01;Brasil/Acre;1865.25;1864.5;1865.2499;1857.225136861011;1857.5286458332127;2017.0
21;2019-10-01;Brasil/Acre;2216.5;2212.25;2216.5;2199.4869981748184;2199.3098958331884;2179.0
22;2019-11-01;Brasil/Acre;2010.25;2010.0;2010.25;1993.7928832112611;1994.5807291665046;2389.0
23;2019-12-01;Brasil/Acre;2927.75;2925.25;2927.75;2891.5773266417496;2892.8515624997835;3217.0
24;2019-01-01;Brasil/Amapá;2262.0;2263.0;2262.0;2225.5458485410204;2227.8515625000873;3541.0
25;2019-02-01;Brasil/Amapá;2895.5;2896.25;2895.5;2870.936815694139;2872.549479166764;1305.0
26;2019-03-01;Brasil/Amapá;952.25;953.75;952.25;934.7201186136797;936.1744791667726;1911.0
27;2019-04-01;Brasil/Amapá;1010.0;1010.25;1010.0;999.8451186135048;1000.565104166755;1983.0
28;2019-05-01;Brasil/Amapá;922.25;923.0;922.25;914.244981752131;914.9192708334122;1566.0
29;2019-06-01;Brasil/Amapá;891.5;898.25;891.49994;884.1963959856912;886.4062500000742;1278.0
30;2019-07-01;Brasil/Amapá;2163.5;2165.0;2163.5;2145.0141423361633;2146.372395833419;3404.0
31;2019-08-01;Brasil/Amapá;2654.75;2655.0;2654.75;2636.9089872266595;2637.9375000000905;5141.0
32;2019-09-01;Brasil/Amapá;852.75;860.5;852.75;846.8501368616407;849.2786458334084;1807.0
33;2019-10-01;Brasil/Amapá;1818.5;1843.0;1818.5;1808.6744981755774;1815.684895833421;3755.0
34;2019-11-01;Brasil/Amapá;2996.5;2996.5;2996.5;2980.1053832121042;2980.955729166764;4515.0
35;2019-12-01;Brasil/Amapá;4005.75;4010.75;4005.75;3971.4523266429223;3974.6015625001123;5954.0
36;2019-01-01;Brasil/Amazonas;4064.25;4168.0;4064.25;4053.4833485392523;4081.476562499892;2361.0
37;2019-02-01;Brasil/Amazonas;3244.5;3329.0;3244.5;3240.8743156927185;3263.4244791665706;2721.0
38;2019-03-01;Brasil/Amazonas;3495.5;3574.25;3495.5;3497.282618612527;3518.0494791665733;2207.0
39;2019-04-01;Brasil/Amazonas;2802.5;2864.0;2802.5;2807.657618612695;2823.6901041666015;2311.0
40;2019-05-01;Brasil/Amazonas;2860.5;2894.0;2860.5;2860.6824817514544;2869.5442708332776;1996.0
41;2019-06-01;Brasil/Amazonas;3653.5;3684.0;3653.5;3652.133895985059;3660.281249999949;3141.0
42;2019-07-01;Brasil/Amazonas;3925.25;3953.5;3925.2502;3913.451642335287;3921.497395833267;2604.0
43;2019-08-01;Brasil/Amazonas;3502.25;3542.25;3502.25;3494.346487225829;3505.312499999933;2365.0
44;2019-09-01;Brasil/Amazonas;3064.75;3100.0;3064.75;3065.725136860925;3075.0286458332766;1994.0
45;2019-10-01;Brasil/Amazonas;3793.75;3815.75;3793.75;3783.299498174715;3789.6848958332644;2295.0
46;2019-11-01;Brasil/Amazonas;3576.75;3597.5;3576.75;3565.542883211168;3571.5807291665997;2665.0
47;2019-12-01;Brasil/Amazonas;3352.75;3416.0;3352.75;3333.0148266416772;3350.7265624999127;2646.0
48;2019-01-01;Brasil/Bahia;18954.0;18954.0;18954.0;18921.374087591747;18930.901041666642;22462.0
49;2019-02-01;Brasil/Bahia;16162.5;16162.5;16162.499;16140.499391727883;16146.94965277772;20165.0
50;2019-03-01;Brasil/Bahia;14514.75;14514.75;14514.749;14498.834549878648;14503.532986111037;12506.0
51;2019-04-01;Brasil/Bahia;8992.75;8992.75;8992.75;8983.667883211878;8986.376736111053;10966.0
52;2019-05-01;Brasil/Bahia;5522.25;5522.25;5522.25;5514.967761557342;5517.112847222163;4044.0
53;2019-06-01;Brasil/Bahia;5407.5;5407.5;5407.5;5399.507907542733;5401.854166666609;5557.0
54;2019-07-01;Brasil/Bahia;10506.25;10506.25;10506.25;10489.484793187567;10494.331597222154;8949.0
55;2019-08-01;Brasil/Bahia;10518.0;10518.0;10518.0;10502.085766423561;10506.708333333268;11376.0
56;2019-09-01;Brasil/Bahia;13371.5;13371.5;13371.5;13364.533454988006;13366.602430555504;11682.0
57;2019-10-01;Brasil/Bahia;12749.0;12749.0;12749.001;12734.821776155928;12738.956597222152;9142.0
58;2019-11-01;Brasil/Bahia;13606.25;13606.25;13606.25;13591.6770072995;13595.887152777705;13446.0
59;2019-12-01;Brasil/Bahia;17332.5;17332.5;17332.5;17300.90206812685;17310.06770833327;21926.0
60;2019-01-01;Brasil/Ceará;7089.75;7089.75;7089.75;7057.12408759168;7066.65104166669;8626.0
61;2019-02-01;Brasil/Ceará;6218.5;6218.5;6218.5;6196.499391727861;6202.9496527777865;11986.0
62;2019-03-01;Brasil/Ceará;4708.25;4708.25;4708.25;4692.334549878668;4697.032986111112;5540.0
63;2019-04-01;Brasil/Ceará;3734.75;3734.75;3734.75;3725.6678832119073;3728.3767361111104;6345.0
64;2019-05-01;Brasil/Ceará;3253.75;3253.75;3253.75;3246.467761557374;3248.6128472222244;4745.0
65;2019-06-01;Brasil/Ceará;4677.25;4677.25;4677.25;4669.257907542765;4671.604166666667;8576.0
66;2019-07-01;Brasil/Ceará;8201.5;8201.5;8201.5;8184.734793187602;8189.581597222219;12404.0
67;2019-08-01;Brasil/Ceará;7896.5;7896.5;7896.5;7880.585766423603;7885.208333333331;13219.0
68;2019-09-01;Brasil/Ceará;6041.5;6041.5;6041.4995;6034.533454988047;6036.602430555555;9619.0
69;2019-10-01;Brasil/Ceará;9595.5;9595.5;9595.5;9581.32177615597;9585.456597222223;9719.0
70;2019-11-01;Brasil/Ceará;11671.5;11671.5;11671.499;11656.927007299542;11661.137152777777;10748.0
71;2019-12-01;Brasil/Ceará;11446.75;11446.75;11446.75;11415.152068126874;11424.317708333345;11393.0
72;2019-01-01;Brasil/Distrito Federal;8116.0;8116.0;8116.0;8091.530565693658;8104.450520833407;7376.0
73;2019-02-01;Brasil/Distrito Federal;8398.25;8398.25;8398.25;8381.749543795802;8390.474826388945;7828.0
74;2019-03-01;Brasil/Distrito Federal;8808.0;8808.0;8808.0;8796.063412408917;8802.391493055613;9091.0
75;2019-04-01;Brasil/Distrito Federal;5948.25;5948.25;5948.25;5941.438412408874;5945.063368055601;5995.0
76;2019-05-01;Brasil/Distrito Federal;5127.25;5127.25;5127.25;5121.788321167985;5124.681423611152;3922.0
77;2019-06-01;Brasil/Distrito Federal;5887.5;5887.5;5887.5;5881.505930657029;5884.6770833333685;4163.0
78;2019-07-01;Brasil/Distrito Federal;7021.5;7021.5;7021.5;7008.9260948906385;7015.540798611161;5560.0
79;2019-08-01;Brasil/Distrito Federal;6622.0;6622.0;6622.0;6610.064324817641;6616.354166666711;5772.0
80;2019-09-01;Brasil/Distrito Federal;5380.75;5380.75;5380.75;5375.525091240979;5378.301215277816;4786.0
81;2019-10-01;Brasil/Distrito Federal;7010.5;7010.5;7010.5;6999.866332116916;7005.478298611159;5460.0
82;2019-11-01;Brasil/Distrito Federal;7808.75;7808.75;7808.75;7797.820255474587;7803.568576388938;6260.0
83;2019-12-01;Brasil/Distrito Federal;8617.0;8617.0;8617.0;8593.301551095054;8605.78385416673;7647.0
84;2019-01-01;Brasil/Mato Grosso do Sul;11150.5;11150.5;11150.5;11113.795848540665;11115.851562499938;15556.0
85;2019-02-01;Brasil/Mato Grosso do Sul;6529.25;6529.25;6529.25;6504.499315693887;6505.924479166622;5119.0
86;2019-03-01;Brasil/Mato Grosso do Sul;5687.0;5687.0;5687.0;5669.095118613506;5670.174479166617;5266.0
87;2019-04-01;Brasil/Mato Grosso do Sul;5227.75;5227.75;5227.75;5217.5326186134;5218.190104166641;5445.0
88;2019-05-01;Brasil/Mato Grosso do Sul;4602.5;4602.5;4602.5;4594.307481752046;4594.794270833306;4229.0
89;2019-06-01;Brasil/Mato Grosso do Sul;4289.5;4289.5;4289.5;4280.508895985609;4281.031249999975;5256.0
90;2019-07-01;Brasil/Mato Grosso do Sul;6284.75;6284.75;6284.75;6265.889142336044;6266.872395833301;6205.0
91;2019-08-01;Brasil/Mato Grosso do Sul;5680.75;5680.75;5680.75;5662.8464872265495;5663.81249999997;5348.0
92;2019-09-01;Brasil/Mato Grosso do Sul;4870.0;4870.0;4870.0;4862.162636861542;4862.6536458333;5262.0
93;2019-10-01;Brasil/Mato Grosso do Sul;5232.5;5232.5;5232.5;5216.549498175458;5217.434895833297;4658.0
94;2019-11-01;Brasil/Mato Grosso do Sul;5339.75;5339.75;5339.75;5323.35538321198;5324.205729166635;4441.0
95;2019-12-01;Brasil/Mato Grosso do Sul;11460.0;11460.0;11460.0;11424.452326642737;11426.351562499967;14607.0
96;2019-01-01;Brasil/Minas Gerais;3942.25;3942.25;3942.25;3917.7805656935784;3930.700520833342;9386.0
97;2019-02-01;Brasil/Minas Gerais;4390.25;4390.25;4390.25;4373.749543795764;4382.474826388883;9407.0
98;2019-03-01;Brasil/Minas Gerais;5693.5;5693.5;5693.5;5681.563412408878;5687.891493055539;5850.0
99;2019-04-01;Brasil/Minas Gerais;3992.75;3992.75;3992.7502;3985.938412408846;3989.563368055539;3553.0
100;2019-05-01;Brasil/Minas Gerais;3565.75;3565.75;3565.7498;3560.2883211679564;3563.181423611099;1738.0
101;2019-06-01;Brasil/Minas Gerais;3796.25;3796.25;3796.25;3790.2559306570024;3793.427083333317;3044.0
102;2019-07-01;Brasil/Minas Gerais;6275.5;6275.5;6275.5;6262.926094890607;6269.540798611094;7976.0
103;2019-08-01;Brasil/Minas Gerais;5024.5;5024.5;5024.5;5012.564324817612;5018.854166666646;2979.0
104;2019-09-01;Brasil/Minas Gerais;3566.5;3566.5;3566.4998;3561.275091240955;3564.051215277759;2309.0
105;2019-10-01;Brasil/Minas Gerais;3610.75;3610.75;3610.7498;3600.116332116883;3605.72829861109;1370.0
106;2019-11-01;Brasil/Minas Gerais;4314.0;4314.0;4314.0;4303.070255474551;4308.818576388868;1806.0
107;2019-12-01;Brasil/Minas Gerais;6923.5;6923.5;6923.5;6899.801551095018;6912.283854166652;5006.0
108;2019-01-01;Brasil/Outras Unidades da Federação;1382.75;3774.75;1382.75;1821.9989051096716;2532.552083333386;1150.0
109;2019-02-01;Brasil/Outras Unidades da Federação;909.0;2758.25;909.0;1252.4492700731842;1802.524305555577;1140.0
110;2019-03-01;Brasil/Outras Unidades da Federação;792.25;2117.0;792.25;1038.1014598542058;1432.1909722222217;1198.0
111;2019-04-01;Brasil/Outras Unidades da Federação;750.25;1543.0;750.25;897.9014598541664;1133.8784722222147;1011.0
112;2019-05-01;Brasil/Outras Unidades da Federação;719.5;1398.5;719.5;846.5613138687401;1048.7256944444366;833.0
113;2019-06-01;Brasil/Outras Unidades da Federação;701.0;1428.0;701.0;836.8094890512148;1053.2083333333237;928.0
114;2019-07-01;Brasil/Outras Unidades da Federação;979.0;2621.5;979.0;1287.3817518249787;1776.413194444442;1137.0
115;2019-08-01;Brasil/Outras Unidades da Federação;713.25;2267.0;713.25;1004.9029197081927;1467.5416666666615;1152.0
116;2019-09-01;Brasil/Outras Unidades da Federação;829.75;1424.75;829.75;940.3901459855342;1117.4548611111131;918.0
117;2019-10-01;Brasil/Outras Unidades da Federação;758.75;2140.0;758.74994;1017.9861313870241;1429.2881944444428;895.0
118;2019-11-01;Brasil/Outras Unidades da Federação;757.0;2209.75;757.0;1030.0624087592994;1462.6493055555575;1023.0
119;2019-12-01;Brasil/Outras Unidades da Federação;974.5;4109.75;974.5;1563.632481752046;2497.2604166666774;1151.0
120;2019-01-01;Brasil/Paraná;159059.75;159889.75;159059.75;159186.59890510992;159428.5520833333;158333.0
121;2019-02-01;Brasil/Paraná;97189.25;97494.0;97189.25;97223.79927007334;97310.52430555553;118501.0
122;2019-03-01;Brasil/Paraná;73631.75;73842.0;73631.75;73654.7014598542;73714.44097222222;75848.0
123;2019-04-01;Brasil/Paraná;57982.5;58045.75;57982.5;57984.25145985409;58001.37847222221;88193.0
124;2019-05-01;Brasil/Paraná;44515.25;44542.0;44515.25;44511.86131386866;44518.35069444444;54363.0
125;2019-06-01;Brasil/Paraná;36731.5;36784.75;36731.5;36732.55948905115;36746.83333333333;51433.0
126;2019-07-01;Brasil/Paraná;65915.25;65963.5;65915.25;65904.78175182495;65915.53819444445;87341.0
127;2019-08-01;Brasil/Paraná;50269.25;50304.75;50269.25;50257.2529197081;50264.41666666667;65901.0
128;2019-09-01;Brasil/Paraná;51492.0;51560.0;51491.996;51497.24014598546;51516.20486111112;63699.0
129;2019-10-01;Brasil/Paraná;62125.0;62147.75;62125.0;62112.53613138693;62116.28819444443;69437.0
130;2019-11-01;Brasil/Paraná;65603.25;65663.25;65603.25;65597.76240875923;65612.52430555555;78846.0
131;2019-12-01;Brasil/Paraná;97079.5;97257.25;97079.5;97077.13248175199;97123.51041666664;94857.0
132;2019-01-01;Brasil/Pará;1953.5;1953.5;1953.5;1916.7958485398315;1918.8515624999893;2322.0
133;2019-02-01;Brasil/Pará;2355.0;2355.0;2355.0;2330.249315693227;2331.6744791666765;2965.0
134;2019-03-01;Brasil/Pará;1931.25;1931.25;1931.25;1913.345118612994;1914.424479166682;2259.0
135;2019-04-01;Brasil/Pará;2364.5;2364.5;2364.5;2354.282618613052;2354.940104166681;1249.0
136;2019-05-01;Brasil/Pará;1501.25;1501.25;1501.25;1493.0574817517622;1493.544270833351;945.0
137;2019-06-01;Brasil/Pará;1863.0;1863.0;1863.0001;1854.0088959853392;1854.531250000016;1252.0
138;2019-07-01;Brasil/Pará;3279.5;3279.5;3279.5;3260.6391423356754;3261.6223958333553;2355.0
139;2019-08-01;Brasil/Pará;3069.5;3069.5;3069.5;3051.596487226194;3052.5625000000214;2812.0
140;2019-09-01;Brasil/Pará;3002.75;3002.75;3002.75;2994.9126368612415;2995.4036458333526;3287.0
141;2019-10-01;Brasil/Pará;2882.5;2882.5;2882.5;2866.549498175103;2867.434895833355;1954.0
142;2019-11-01;Brasil/Pará;2337.25;2337.25;2337.25;2320.8553832115804;2321.7057291666893;1912.0
143;2019-12-01;Brasil/Pará;3007.5;3007.5;3007.5;2971.952326642186;2973.851562500024;2694.0
144;2019-01-01;Brasil/Pernambuco;8246.5;8246.5;8246.5;8213.874087590999;8223.40104166675;11194.0
145;2019-02-01;Brasil/Pernambuco;6310.5;6310.5;6310.5;6288.4993917273305;6294.94965277783;8915.0
146;2019-03-01;Brasil/Pernambuco;6840.0;6840.0;6840.0;6824.084549878246;6828.782986111144;8192.0
147;2019-04-01;Brasil/Pernambuco;4564.5;4564.5;4564.5;4555.417883211632;4558.1267361111295;7652.0
148;2019-05-01;Brasil/Pernambuco;3522.75;3522.75;3522.75;3515.467761557137;3517.6128472222367;5410.0
149;2019-06-01;Brasil/Pernambuco;4167.75;4167.75;4167.75;4159.757907542539;4162.104166666677;6594.0
150;2019-07-01;Brasil/Pernambuco;6640.75;6640.75;6640.7495;6623.984793187285;6628.831597222239;9302.0
151;2019-08-01;Brasil/Pernambuco;6273.0;6273.0;6272.9995;6257.08576642331;6261.708333333348;10103.0
152;2019-09-01;Brasil/Pernambuco;5317.25;5317.25;5317.25;5310.283454987792;5312.352430555568;7239.0
153;2019-10-01;Brasil/Pernambuco;6759.0;6759.0;6759.0005;6744.821776155657;6748.956597222238;7450.0
154;2019-11-01;Brasil/Pernambuco;9623.5;9623.5;9623.499;9608.92700729921;9613.137152777796;15325.0
155;2019-12-01;Brasil/Pernambuco;14973.75;14973.75;14973.75;14942.152068126416;14951.317708333365;14544.0
156;2019-01-01;Brasil/Rio Grande do Norte;3695.25;3695.25;3695.25;3662.624087591376;3672.151041666719;3119.0
157;2019-02-01;Brasil/Rio Grande do Norte;3226.25;3226.25;3226.25;3204.2493917275497;3210.6996527778015;2519.0
158;2019-03-01;Brasil/Rio Grande do Norte;2496.75;2496.75;2496.75;2480.8345498783756;2485.5329861111095;2251.0
159;2019-04-01;Brasil/Rio Grande do Norte;1622.25;1622.25;1622.25;1613.167883211689;1615.876736111104;2674.0
160;2019-05-01;Brasil/Rio Grande do Norte;988.0;988.0;988.00006;980.7177615571868;982.8628472222151;1037.0
161;2019-06-01;Brasil/Rio Grande do Norte;1166.75;1166.75;1166.75;1158.7579075425804;1161.1041666666606;1423.0
162;2019-07-01;Brasil/Rio Grande do Norte;2153.0;2153.0;2153.0;2136.2347931873624;2141.0815972222126;1896.0
163;2019-08-01;Brasil/Rio Grande do Norte;2065.0;2065.0;2065.0;2049.085766423361;2053.7083333333208;2425.0
164;2019-09-01;Brasil/Rio Grande do Norte;1227.75;1227.75;1227.75;1220.7834549878382;1222.8524305555472;1491.0
165;2019-10-01;Brasil/Rio Grande do Norte;2019.75;2019.75;2019.7501;2005.5717761557269;2009.7065972222103;1847.0
166;2019-11-01;Brasil/Rio Grande do Norte;3575.0;3575.0;3575.0;3560.427007299285;3564.6371527777683;3168.0
167;2019-12-01;Brasil/Rio Grande do Norte;4065.5;4065.5;4065.5;4033.902068126557;4043.0677083333253;4038.0
168;2019-01-01;Brasil/Rio Grande do Sul;418675.75;418675.75;418675.75;418636.59890510986;418629.55208333343;201057.0
169;2019-02-01;Brasil/Rio Grande do Sul;248233.0;248233.0;248233.0;248206.59927007317;248201.8993055557;160089.0
170;2019-03-01;Brasil/Rio Grande do Sul;118254.75;118254.75;118254.74;118235.6514598541;118232.31597222229;64696.0
171;2019-04-01;Brasil/Rio Grande do Sul;39713.0;39713.0;39713.0;39702.101459854006;39700.25347222228;63452.0
172;2019-05-01;Brasil/Rio Grande do Sul;22653.75;22653.75;22653.75;22645.011313868603;22643.475694444496;17856.0
173;2019-06-01;Brasil/Rio Grande do Sul;20939.5;20939.5;20939.5;20929.909489051082;20928.208333333365;52438.0
174;2019-07-01;Brasil/Rio Grande do Sul;38166.5;38166.5;38166.5;38146.38175182481;38142.663194444496;34453.0
175;2019-08-01;Brasil/Rio Grande do Sul;25868.25;25868.25;25868.25;25849.152919708005;25845.66666666671;19376.0
176;2019-09-01;Brasil/Rio Grande do Sul;27940.25;27940.25;27940.252;27931.8901459854;27930.454861111164;26518.0
177;2019-10-01;Brasil/Rio Grande do Sul;34145.75;34145.75;34145.75;34128.736131386846;34125.663194444496;22790.0
178;2019-11-01;Brasil/Rio Grande do Sul;42896.0;42896.0;42896.0;42878.51240875914;42875.27430555561;36097.0
179;2019-12-01;Brasil/Rio Grande do Sul;98796.5;98796.5;98796.5;98758.58248175186;98751.63541666676;73864.0
180;2019-01-01;Brasil/Rio de Janeiro;132961.5;132961.5;132961.5;132928.8740875912;132938.40104166672;141271.0
181;2019-02-01;Brasil/Rio de Janeiro;145787.0;145787.0;145787.0;145764.99939172744;145771.44965277787;144874.0
182;2019-03-01;Brasil/Rio de Janeiro;135534.0;135534.0;135534.0;135518.0845498782;135522.78298611112;145360.0
183;2019-04-01;Brasil/Rio de Janeiro;99593.0;99593.0;99593.0;99583.91788321159;99586.62673611112;94211.0
184;2019-05-01;Brasil/Rio de Janeiro;83657.75;83657.75;83657.75;83650.46776155707;83652.61284722222;72087.0
185;2019-06-01;Brasil/Rio de Janeiro;76501.75;76501.75;76501.75;76493.75790754249;76496.10416666672;77395.0
186;2019-07-01;Brasil/Rio de Janeiro;112523.25;112523.25;112523.25;112506.4847931872;112511.33159722223;87147.0
187;2019-08-01;Brasil/Rio de Janeiro;117146.25;117146.25;117146.25;117130.33576642323;117134.95833333334;89046.0
188;2019-09-01;Brasil/Rio de Janeiro;91966.5;91966.5;91966.5;91959.53345498769;91961.60243055558;85408.0
189;2019-10-01;Brasil/Rio de Janeiro;110397.0;110397.0;110397.0;110382.82177615554;110386.95659722225;90370.0
190;2019-11-01;Brasil/Rio de Janeiro;119301.0;119301.0;119301.0;119286.42700729912;119290.6371527778;92958.0
191;2019-12-01;Brasil/Rio de Janeiro;150895.25;150895.25;150895.25;150863.65206812634;150872.81770833337;132140.0
192;2019-01-01;Brasil/Roraima;2247.5;2247.5;2247.5;2210.7958485403356;2212.851562500038;906.0
193;2019-02-01;Brasil/Roraima;2168.75;2168.75;2168.75;2143.9993156936;2145.424479166702;728.0
194;2019-03-01;Brasil/Roraima;2510.25;2510.25;2510.25;2492.3451186132957;2493.4244791667015;607.0
195;2019-04-01;Brasil/Roraima;2408.0;2408.0;2408.0;2397.7826186132597;2398.440104166688;1578.0
196;2019-05-01;Brasil/Roraima;2143.5;2143.5;2143.5;2135.3074817519296;2135.7942708333535;878.0
197;2019-06-01;Brasil/Roraima;2169.0;2169.0;2169.0;2160.0088959854993;2160.5312500000177;835.0
198;2019-07-01;Brasil/Roraima;2448.75;2447.75;2448.75;2429.639142335903;2430.3723958333603;1100.0
199;2019-08-01;Brasil/Roraima;2695.5;2695.5;2695.5;2677.596487226405;2678.5625000000223;1566.0
200;2019-09-01;Brasil/Roraima;1985.25;1985.25;1985.2501;1977.4126368614254;1977.9036458333555;961.0
201;2019-10-01;Brasil/Roraima;2541.75;2541.75;2541.7502;2525.799498175323;2526.6848958333567;993.0
202;2019-11-01;Brasil/Roraima;2891.75;2891.75;2891.75;2875.3553832118237;2876.2057291666893;1084.0
203;2019-12-01;Brasil/Roraima;3430.25;3430.25;3430.2498;3394.7023266425203;3396.601562500032;1235.0
204;2019-01-01;Brasil/Santa Catarina;75766.0;75766.0;75766.0;75726.84890510881;75719.8020833334;63954.0
205;2019-02-01;Brasil/Santa Catarina;49070.75;49070.75;49070.746;49044.34927007243;49039.64930555561;60207.0
206;2019-03-01;Brasil/Santa Catarina;17550.5;17550.5;17550.5;17531.401459853594;17528.065972222303;18255.0
207;2019-04-01;Brasil/Santa Catarina;6034.5;6034.5;6034.5;6023.601459853739;6021.753472222275;8983.0
208;2019-05-01;Brasil/Santa Catarina;2425.75;2425.75;2425.75;2417.0113138683814;2415.47569444449;2494.0
209;2019-06-01;Brasil/Santa Catarina;1447.0;1447.0;1447.0;1437.4094890508754;1435.7083333333767;2372.0
210;2019-07-01;Brasil/Santa Catarina;3755.5;3755.5;3755.5;3735.3817518245155;3731.6631944444944;4436.0
211;2019-08-01;Brasil/Santa Catarina;2184.25;2184.25;2184.25;2165.152919707744;2161.666666666715;2261.0
212;2019-09-01;Brasil/Santa Catarina;3059.75;3059.75;3059.75;3051.3901459851577;3049.954861111153;3072.0
213;2019-10-01;Brasil/Santa Catarina;4091.5;4091.5;4091.5;4074.486131386562;4071.4131944444953;3578.0
214;2019-11-01;Brasil/Santa Catarina;6245.25;6204.25;6245.25;6219.562408758795;6204.024305555609;6456.0
215;2019-12-01;Brasil/Santa Catarina;24526.0;24377.5;24526.0;24458.38248175136;24406.88541666672;24678.0
216;2019-01-01;Brasil/São Paulo;180768.25;180768.25;180768.25;180735.6240875915;180745.1510416667;206845.0
217;2019-02-01;Brasil/São Paulo;209466.25;209466.25;209466.25;209444.2493917276;209450.69965277787;254899.0
218;2019-03-01;Brasil/São Paulo;229033.5;229033.5;229033.5;229017.58454987867;229022.28298611115;248159.0
219;2019-04-01;Brasil/São Paulo;178930.5;178930.5;178930.5;178921.41788321183;178924.12673611112;189521.0
220;2019-05-01;Brasil/São Paulo;162534.5;162534.5;162534.5;162527.21776155737;162529.36284722225;163166.0
221;2019-06-01;Brasil/São Paulo;155887.0;155887.0;155887.0;155879.00790754272;155881.35416666672;172458.0
222;2019-07-01;Brasil/São Paulo;179528.5;179528.5;179528.5;179511.73479318747;179516.58159722228;180302.0
223;2019-08-01;Brasil/São Paulo;181075.75;181075.75;181075.75;181059.8357664235;181064.4583333334;174151.0
224;2019-09-01;Brasil/São Paulo;151016.5;151016.5;151016.5;151009.53345498795;151011.6024305556;175166.0
225;2019-10-01;Brasil/São Paulo;179474.5;179474.5;179474.5;179460.3217761558;179464.45659722228;175278.0
226;2019-11-01;Brasil/São Paulo;195136.25;195136.25;195136.25;195121.67700729935;195125.88715277784;188532.0
227;2019-12-01;Brasil/São Paulo;220325.5;220325.5;220325.48;220293.9020681268;220303.0677083334;230502.0
228;2019-01-01;Brasil/Acre/Fluvial;0.0;0.0;0.0;-12.109717153358506;-11.4661458332806;9.0
229;2019-02-01;Brasil/Acre/Fluvial;0.0;0.0;0.0;-8.250228102103186;-7.775173611080524;2.0
230;2019-03-01;Brasil/Acre/Fluvial;0.0;0.0;0.0;-5.968293795394253;-5.608506944427304;6.0
231;2019-04-01;Brasil/Acre/Fluvial;0.0;0.0;0.0;-3.4057937954071296;-3.1866319444392;7.0
232;2019-05-01;Brasil/Acre/Fluvial;0.0;0.0;0.0;-2.6683394158568365;-2.526909722221576;6.0
233;2019-06-01;Brasil/Acre/Fluvial;0.0;0.0;0.0;-1.8720346713389384;-2.07291666666397;5.0
234;2019-07-01;Brasil/Acre/Fluvial;0.0;0.0;0.0;-5.47445255450456;-5.417534722210157;0.0
235;2019-08-01;Brasil/Acre/Fluvial;0.0;0.0;0.0;-5.092837590990644;-5.062499999990198;3.0
236;2019-09-01;Brasil/Acre/Fluvial;0.0;0.0;0.0;-2.42495437936453;-2.323784722206859;3.0
237;2019-10-01;Brasil/Acre/Fluvial;0.0;0.0;0.0;-4.25433394136809;-4.313368055538975;11.0
238;2019-11-01;Brasil/Acre/Fluvial;0.0;0.0;0.0;-5.402372262518154;-5.139756944426933;4.0
239;2019-12-01;Brasil/Acre/Fluvial;0.0;0.0;0.0;-11.224224452306398;-10.799479166641724;5.0
240;2019-01-01;Brasil/Acre/Terrestre;3272.0;3272.0;3272.5;3259.8902828499686;3260.533854165786;3833.0
241;2019-02-01;Brasil/Acre/Terrestre;2390.5;2390.5;2390.5;2382.249771900035;2382.724826388162;2662.0
242;2019-03-01;Brasil/Acre/Terrestre;1927.25;1927.25;1927.25;1921.2817062058796;1921.6414930549631;2170.0
243;2019-04-01;Brasil/Acre/Terrestre;1923.25;1923.25;1923.25;1919.8442062052973;1920.0633680551543;2180.0
244;2019-05-01;Brasil/Acre/Terrestre;1792.25;1792.25;1792.4999;1789.5816605846612;1789.7230902774427;1779.0
245;2019-06-01;Brasil/Acre/Terrestre;1719.25;1719.25;1723.75;1717.377965329126;1717.1770833330152;2089.0
246;2019-07-01;Brasil/Acre/Terrestre;3328.75;3328.75;3332.0;3323.2755474462474;3323.332465277361;3256.0
247;2019-08-01;Brasil/Acre/Terrestre;2684.75;2684.75;2688.2498;2679.657162409624;2679.687499999594;2798.0
248;2019-09-01;Brasil/Acre/Terrestre;1864.5;1864.5;1865.2499;1862.075045621232;1862.1762152774293;2014.0
249;2019-10-01;Brasil/Acre/Terrestre;2212.25;2212.25;2216.5;2207.995666059341;2207.9366319440287;2168.0
250;2019-11-01;Brasil/Acre/Terrestre;2010.0;2010.0;2010.25;2004.5976277382772;2004.8602430550955;2350.0
251;2019-12-01;Brasil/Acre/Terrestre;2925.25;2925.25;2927.75;2914.025775549037;2914.450520832723;3212.0
252;2019-01-01;Brasil/Amapá/Aérea;2.25;2.25;2.2490058;-10.234717153062048;-9.466145833307282;0.0
253;2019-02-01;Brasil/Amapá/Aérea;2.25;2.25;2.2494173;-6.187728102075017;-5.650173611093687;0.0
254;2019-03-01;Brasil/Amapá/Aérea;2.25;2.25;2.2464614;-4.093293795619191;-3.6085069444344007;0.0
255;2019-04-01;Brasil/Amapá/Aérea;5.0;5.0;4.9987626;1.531706204341212;1.7717013888895319;1.0
256;2019-05-01;Brasil/Amapá/Aérea;2.25;2.25;2.2481718;-0.6683394160994302;-0.4435763888844961;0.0
257;2019-06-01;Brasil/Amapá/Aérea;2.75;2.75;2.7293346;-1.9345346715670304;-1.1979166666588894;0.0
258;2019-07-01;Brasil/Amapá/Aérea;1.75;1.75;1.7487875;-4.911952554791401;-4.459201388907484;42.0
259;2019-08-01;Brasil/Amapá/Aérea;2.0;2.0;1.9998116;-4.030337591288557;-3.687500000015495;0.0
260;2019-09-01;Brasil/Amapá/Aérea;26.25;26.25;26.013582;21.70004562039063;22.50954861110596;4.0
261;2019-10-01;Brasil/Amapá/Aérea;14.75;14.75;14.55392;3.308166058345764;5.64496527776538;0.0
262;2019-11-01;Brasil/Amapá/Aérea;0.75;0.75;0.75;-4.714872262817229;-4.431423611120552;0.0
263;2019-12-01;Brasil/Amapá/Aérea;4.0;4.0;3.9950135;-9.099224452563757;-8.049479166679765;7.0
264;2019-01-01;Brasil/Amapá/Fluvial;2184.5;2184.5;2183.5347;2172.0152828468244;2172.7838541664637;2859.0
265;2019-02-01;Brasil/Amapá/Fluvial;2792.0;2792.0;2791.277;2783.5622718979575;2784.099826388635;739.0
266;2019-03-01;Brasil/Amapá/Fluvial;930.0;930.0;928.53735;923.656706204554;924.1414930553043;1069.0
267;2019-04-01;Brasil/Amapá/Fluvial;960.75;960.75;960.51227;957.2817062045294;957.5217013887088;950.0
268;2019-05-01;Brasil/Amapá/Fluvial;833.25;833.25;832.57294;830.3316605840732;830.5564236109485;577.0
269;2019-06-01;Brasil/Amapá/Fluvial;672.5;672.5;667.44635;667.8154653285923;668.5520833331757;565.0
270;2019-07-01;Brasil/Amapá/Fluvial;1804.75;1804.75;1803.4995;1798.0880474454239;1798.5407986109326;1466.0
271;2019-08-01;Brasil/Amapá/Fluvial;2134.25;2134.25;2134.049;2128.219662408927;2128.562499999809;1361.0
272;2019-09-01;Brasil/Amapá/Fluvial;658.25;658.25;652.32153;653.7000456205833;654.5095486109553;378.0
273;2019-10-01;Brasil/Amapá/Fluvial;1368.5;1368.5;1350.3077;1357.0581660585667;1359.394965277596;1508.0
274;2019-11-01;Brasil/Amapá/Fluvial;2528.25;2528.25;2528.25;2522.7851277374048;2523.0685763886877;2402.0
275;2019-12-01;Brasil/Amapá/Fluvial;3315.75;3315.75;3311.6165;3302.6507755476505;3303.7005208331057;3024.0
276;2019-01-01;Brasil/Amapá/Terrestre;76.25;76.25;76.21631;63.76528284725789;64.53385416693081;682.0
277;2019-02-01;Brasil/Amapá/Terrestre;102.0;102.0;101.97359;93.56227189825691;94.09982638922226;566.0
278;2019-03-01;Brasil/Amapá/Terrestre;21.5;21.5;21.466187;15.156706204744888;15.641493055902716;842.0
279;2019-04-01;Brasil/Amapá/Terrestre;44.5;44.5;44.488987;41.031706204634204;41.27170138915665;1032.0
280;2019-05-01;Brasil/Amapá/Terrestre;87.5;87.5;87.4289;84.58166058415728;84.80642361134807;989.0
281;2019-06-01;Brasil/Amapá/Terrestre;223.0;223.0;221.32422;218.31546532866594;219.05208333355742;713.0
282;2019-07-01;Brasil/Amapá/Terrestre;358.5;358.5;358.25162;351.83804744553095;352.29079861139377;1896.0
283;2019-08-01;Brasil/Amapá/Terrestre;518.75;518.75;518.7011;512.719662409021;513.062500000297;3780.0
284;2019-09-01;Brasil/Amapá/Terrestre;176.0;176.0;174.41487;171.4500456206668;172.2595486113471;1425.0
285;2019-10-01;Brasil/Amapá/Terrestre;459.75;459.75;453.6383;448.30816605866494;450.64496527805983;2247.0
286;2019-11-01;Brasil/Amapá/Terrestre;467.5;467.5;467.5;462.0351277375167;462.3185763891966;2113.0
287;2019-12-01;Brasil/Amapá/Terrestre;691.0;691.0;690.13855;677.9007755478356;678.9505208336863;2923.0
288;2019-01-01;Brasil/Amazonas/Aérea;3055.75;3055.75;2979.6863;3017.5777828471446;3026.908854166719;1554.0
289;2019-02-01;Brasil/Amazonas/Aérea;2472.5;2472.5;2409.7405;2443.124771898068;2450.641493055638;1863.0
290;2019-03-01;Brasil/Amazonas/Aérea;2856.25;2856.25;2793.3193;2830.5942062044996;2837.516493055676;1507.0
291;2019-04-01;Brasil/Amazonas/Aérea;2011.5;2011.5;1968.3063;1992.71920620442;1998.063368055662;1669.0
292;2019-05-01;Brasil/Amazonas/Aérea;2200.75;2200.75;2175.275;2189.6441605839623;2192.5980902778756;1371.0
293;2019-06-01;Brasil/Amazonas/Aérea;2964.25;2964.25;2939.7087;2953.6279653284887;2956.3437500000914;2283.0
294;2019-07-01;Brasil/Amazonas/Aérea;3212.5;3212.5;3189.545;3199.1505474453043;3201.8324652778997;1779.0
295;2019-08-01;Brasil/Amazonas/Aérea;2817.5;2817.5;2785.6838;2801.532162408795;2805.187500000112;1567.0
296;2019-09-01;Brasil/Amazonas/Aérea;2459.5;2459.5;2431.533;2448.0750456204732;2451.176215277873;1382.0
297;2019-10-01;Brasil/Amazonas/Aérea;3181.75;3181.75;3163.4053;3170.9331660584385;3173.0616319445603;1716.0
298;2019-11-01;Brasil/Amazonas/Aérea;2929.25;2929.25;2912.3545;2918.5976277372843;2920.6102430556807;1933.0
299;2019-12-01;Brasil/Amazonas/Aérea;2700.0;2700.0;2650.0073;2672.3382755475677;2678.242187500139;1719.0
300;2019-01-01;Brasil/Amazonas/Terrestre;1008.5;1008.5;983.39636;970.3277828463162;979.6588541668692;807.0
301;2019-02-01;Brasil/Amazonas/Terrestre;772.0;772.0;752.4043;742.6247718975121;750.1414930557055;858.0
302;2019-03-01;Brasil/Amazonas/Terrestre;639.25;639.25;625.1657;613.5942062041439;620.5164930556783;700.0
303;2019-04-01;Brasil/Amazonas/Terrestre;791.0;791.0;774.01447;772.2192062042203;777.5633680556359;642.0
304;2019-05-01;Brasil/Amazonas/Terrestre;659.75;659.75;652.113;648.6441605838043;651.5980902778513;622.0
305;2019-06-01;Brasil/Amazonas/Terrestre;689.25;689.25;683.5437;678.6279653283375;681.343750000072;858.0
306;2019-07-01;Brasil/Amazonas/Terrestre;712.75;712.75;707.657;699.400547445093;702.0824652778396;825.0
307;2019-08-01;Brasil/Amazonas/Terrestre;684.75;684.75;677.01764;668.7821624086092;672.437500000057;798.0
308;2019-09-01;Brasil/Amazonas/Terrestre;605.25;605.25;598.36774;593.8250456203075;596.9262152778356;612.0
309;2019-10-01;Brasil/Amazonas/Terrestre;612.0;612.0;608.4715;601.1831660582318;603.3116319445104;579.0
310;2019-11-01;Brasil/Amazonas/Terrestre;647.5;647.5;643.76526;636.8476277370434;638.8602430556325;732.0
311;2019-12-01;Brasil/Amazonas/Terrestre;652.75;652.75;640.6638;625.088275547206;630.9921875000912;927.0
312;2019-01-01;Brasil/Bahia/Aérea;17457.0;17457.0;17457.0;17440.687043795744;17445.450520833547;21508.0
313;2019-02-01;Brasil/Bahia/Aérea;15422.25;15422.25;15422.249;15411.249695863875;15414.47482638896;20098.0
314;2019-03-01;Brasil/Bahia/Aérea;14474.25;14474.25;14474.249;14466.2922749393;14468.641493055531;12479.0
315;2019-04-01;Brasil/Bahia/Aérea;8971.0;8971.0;8971.0;8966.45894160594;8967.813368055487;10951.0
316;2019-05-01;Brasil/Bahia/Aérea;5448.5;5448.5;5448.5;5444.858880778674;5445.9314236110395;4026.0
317;2019-06-01;Brasil/Bahia/Aérea;5399.25;5399.25;5399.25;5395.253953771371;5396.427083333271;5545.0
318;2019-07-01;Brasil/Bahia/Aérea;10491.5;10491.5;10491.5;10483.117396593778;10485.540798611013;8923.0
319;2019-08-01;Brasil/Bahia/Aérea;10514.25;10514.25;10514.25;10506.292883211778;10508.60416666657;11342.0
320;2019-09-01;Brasil/Bahia/Aérea;13361.0;13361.0;13361.0;13357.516727494;13358.551215277705;11666.0
321;2019-10-01;Brasil/Bahia/Aérea;12428.0;12428.0;12428.002;12420.910888077962;12422.978298611013;9126.0
322;2019-11-01;Brasil/Bahia/Aérea;11485.75;11485.75;11485.75;11478.463503649742;11480.568576388796;9492.0
323;2019-12-01;Brasil/Bahia/Aérea;15404.25;15404.25;15404.25;15388.451034063406;15393.033854166599;16396.0
324;2019-01-01;Brasil/Bahia/Marítima;1497.0;1497.0;1497.0;1480.687043796002;1485.450520833095;954.0
325;2019-02-01;Brasil/Bahia/Marítima;740.25;740.25;740.24994;729.2496958640078;732.4748263887593;67.0
326;2019-03-01;Brasil/Bahia/Marítima;40.5;40.5;40.499996;32.54227493934684;34.891493055506416;27.0
327;2019-04-01;Brasil/Bahia/Marítima;21.75;21.75;21.75;17.208941605937724;18.56336805556578;15.0
328;2019-05-01;Brasil/Bahia/Marítima;73.75;73.75;73.75;70.10888077866844;71.18142361112307;18.0
329;2019-06-01;Brasil/Bahia/Marítima;8.25;8.25;8.25;4.253953771361622;5.427083333337791;12.0
330;2019-07-01;Brasil/Bahia/Marítima;14.75;14.75;14.75;6.367396593788783;8.790798611139765;26.0
331;2019-08-01;Brasil/Bahia/Marítima;3.75;3.75;3.75;-4.207116788217291;-1.895833333300854;34.0
332;2019-09-01;Brasil/Bahia/Marítima;10.5;10.5;10.5;7.016727494007125;8.051215277799841;16.0
333;2019-10-01;Brasil/Bahia/Marítima;321.0;321.0;321.00003;313.9108880779659;315.9782986111379;16.0
334;2019-11-01;Brasil/Bahia/Marítima;2120.5;2120.5;2120.5;2113.2135036497584;2115.318576388909;3954.0
335;2019-12-01;Brasil/Bahia/Marítima;1928.25;1928.25;1928.25;1912.451034063442;1917.0338541666697;5530.0
336;2019-01-01;Brasil/Ceará/Aérea;6134.5;6134.5;6134.5;6118.187043795466;6122.9505208332685;8618.0
337;2019-02-01;Brasil/Ceará/Aérea;5417.25;5417.25;5417.25;5406.249695863674;5409.474826388831;8419.0
338;2019-03-01;Brasil/Ceará/Aérea;4704.25;4704.25;4704.25;4696.292274939166;4698.64149305551;5538.0
339;2019-04-01;Brasil/Ceará/Aérea;3727.75;3727.75;3727.75;3723.2089416058566;3724.5633680555366;6334.0
340;2019-05-01;Brasil/Ceará/Aérea;3240.75;3240.75;3240.75;3237.108880778607;3238.181423611091;4744.0
341;2019-06-01;Brasil/Ceará/Aérea;4674.0;4674.0;4674.0;4670.003953771308;4671.177083333307;8571.0
342;2019-07-01;Brasil/Ceará/Aérea;8185.25;8185.25;8185.25;8176.867396593698;8179.290798611115;12399.0
343;2019-08-01;Brasil/Ceará/Aérea;7893.75;7893.75;7893.75;7885.792883211713;7888.104166666669;13213.0
344;2019-09-01;Brasil/Ceará/Aérea;6038.0;6038.0;6038.0;6034.516727493949;6035.551215277773;9617.0
345;2019-10-01;Brasil/Ceará/Aérea;9589.5;9589.5;9589.5;9582.410888077884;9584.478298611108;9717.0
346;2019-11-01;Brasil/Ceará/Aérea;11412.25;11412.25;11412.249;11404.963503649657;11407.068576388881;10738.0
347;2019-12-01;Brasil/Ceará/Aérea;11006.5;11006.5;11006.5;10990.701034063266;10995.283854166673;10407.0
348;2019-01-01;Brasil/Ceará/Marítima;955.25;955.25;955.25;938.9370437962144;943.7005208334214;8.0
349;2019-02-01;Brasil/Ceará/Marítima;801.25;801.25;801.25;790.249695864187;793.474826388955;3567.0
350;2019-03-01;Brasil/Ceará/Marítima;4.0;4.0;4.0;-3.9577250604976832;-1.6085069443983466;2.0
351;2019-04-01;Brasil/Ceará/Marítima;7.0;7.0;7.0;2.458941606050753;3.8133680555740495;11.0
352;2019-05-01;Brasil/Ceará/Marítima;13.0;13.0;13.0;9.358880778767448;10.431423611133487;1.0
353;2019-06-01;Brasil/Ceará/Marítima;3.25;3.25;3.25;-0.7460462285437861;0.42708333336073157;5.0
354;2019-07-01;Brasil/Ceará/Marítima;16.25;16.25;16.25;7.8673965939044965;10.29079861110413;5.0
355;2019-08-01;Brasil/Ceará/Marítima;2.75;2.75;2.75;-5.207116788110784;-2.895833333337707;6.0
356;2019-09-01;Brasil/Ceará/Marítima;3.5;3.5;3.4999998;0.016727494098368993;1.0512152777819455;2.0
357;2019-10-01;Brasil/Ceará/Marítima;6.0;6.0;6.0;-1.0891119219133971;0.978298611114336;2.0
358;2019-11-01;Brasil/Ceará/Marítima;259.25;259.25;259.24997;251.9635036498849;254.0685763888955;10.0
359;2019-12-01;Brasil/Ceará/Marítima;440.25;440.25;440.24997;424.45103406360863;429.03385416667203;986.0
360;2019-01-01;Brasil/Distrito Federal/Aérea;8116.0;8116.0;8116.0;8091.530565693658;8104.450520833407;7376.0
361;2019-02-01;Brasil/Distrito Federal/Aérea;8398.25;8398.25;8398.25;8381.749543795802;8390.474826388945;7828.0
362;2019-03-01;Brasil/Distrito Federal/Aérea;8808.0;8808.0;8808.0;8796.063412408917;8802.391493055613;9091.0
363;2019-04-01;Brasil/Distrito Federal/Aérea;5948.25;5948.25;5948.2505;5941.438412408874;5945.063368055601;5995.0
364;2019-05-01;Brasil/Distrito Federal/Aérea;5127.25;5127.25;5127.25;5121.788321167985;5124.681423611152;3922.0
365;2019-06-01;Brasil/Distrito Federal/Aérea;5887.5;5887.5;5887.5;5881.505930657029;5884.6770833333685;4163.0
366;2019-07-01;Brasil/Distrito Federal/Aérea;7021.5;7021.5;7021.5005;7008.9260948906385;7015.540798611161;5560.0
367;2019-08-01;Brasil/Distrito Federal/Aérea;6622.0;6622.0;6622.0;6610.064324817641;6616.354166666711;5772.0
368;2019-09-01;Brasil/Distrito Federal/Aérea;5380.75;5380.75;5380.75;5375.525091240979;5378.301215277816;4786.0
369;2019-10-01;Brasil/Distrito Federal/Aérea;7010.5;7010.5;7010.5005;6999.866332116916;7005.478298611159;5460.0
370;2019-11-01;Brasil/Distrito Federal/Aérea;7808.75;7808.75;7808.75;7797.820255474587;7803.568576388938;6260.0
371;2019-12-01;Brasil/Distrito Federal/Aérea;8617.0;8617.0;8617.0;8593.301551095054;8605.78385416673;7647.0
372;2019-01-01;Brasil/Mato Grosso do Sul/Aérea;47.5;47.5;47.5;35.26528284702652;35.95052083375241;2.0
373;2019-02-01;Brasil/Mato Grosso do Sul/Aérea;19.0;19.0;19.0;10.749771898037785;11.224826389145981;7.0
374;2019-03-01;Brasil/Mato Grosso do Sul/Aérea;37.5;37.5;37.5;31.531706204517796;31.891493055701346;21.0
375;2019-04-01;Brasil/Mato Grosso do Sul/Aérea;24.25;24.25;24.25;20.8442062044559;21.063368055622043;10.0
376;2019-05-01;Brasil/Mato Grosso do Sul/Aérea;27.25;27.25;27.25;24.519160583999614;24.68142361115632;12.0
377;2019-06-01;Brasil/Mato Grosso do Sul/Aérea;21.25;21.25;21.25;18.252965328522095;18.427083333372316;25.0
378;2019-07-01;Brasil/Mato Grosso do Sul/Aérea;37.5;37.5;37.5;31.21304744533648;31.54079861117662;65.0
379;2019-08-01;Brasil/Mato Grosso do Sul/Aérea;16.75;16.75;16.75;10.782162408837966;11.104166666717237;16.0
380;2019-09-01;Brasil/Mato Grosso do Sul/Aérea;35.5;35.5;35.5;32.887545620504625;33.05121527782864;5.0
381;2019-10-01;Brasil/Mato Grosso do Sul/Aérea;8.75;8.75;8.75;3.433166058473872;3.728298611168885;14.0
382;2019-11-01;Brasil/Mato Grosso do Sul/Aérea;10.75;10.75;10.75;5.285127737312541;5.568576388955809;4.0
383;2019-12-01;Brasil/Mato Grosso do Sul/Aérea;10.0;10.0;10.0;-1.8492244524045218;-1.2161458332089354;10.0
384;2019-01-01;Brasil/Mato Grosso do Sul/Fluvial;14.75;14.75;14.75;2.515282846876526;3.2005208335360473;0.0
385;2019-02-01;Brasil/Mato Grosso do Sul/Fluvial;18.75;18.75;18.75;10.499771897937176;10.97482638900217;0.0
386;2019-03-01;Brasil/Mato Grosso do Sul/Fluvial;17.25;17.25;17.25;11.2817062044809;11.64149305559899;9.0
387;2019-04-01;Brasil/Mato Grosso do Sul/Fluvial;21.0;21.0;21.0;17.59420620445085;17.81336805556288;13.0
388;2019-05-01;Brasil/Mato Grosso do Sul/Fluvial;30.5;30.5;30.5;27.769160583999863;27.931423611111633;2.0
389;2019-06-01;Brasil/Mato Grosso do Sul/Fluvial;26.25;26.25;26.25;23.252965328518464;23.427083333336075;0.0
390;2019-07-01;Brasil/Mato Grosso do Sul/Fluvial;21.75;21.75;21.75;15.4630474453329;15.790798611115108;0.0
391;2019-08-01;Brasil/Mato Grosso do Sul/Fluvial;43.0;43.0;43.0;37.03216240882917;37.35416666666387;0.0
392;2019-09-01;Brasil/Mato Grosso do Sul/Fluvial;12.25;12.25;12.25;9.63754562050126;9.801215277775007;0.0
393;2019-10-01;Brasil/Mato Grosso do Sul/Fluvial;11.5;11.5;11.5;6.183166058468012;6.478298611112033;6.0
394;2019-11-01;Brasil/Mato Grosso do Sul/Fluvial;14.25;14.25;14.25;8.78512773730656;9.06857638889794;1.0
395;2019-12-01;Brasil/Mato Grosso do Sul/Fluvial;19.25;19.25;19.25;7.4007755475456465;8.03385416670515;11.0
396;2019-01-01;Brasil/Mato Grosso do Sul/Terrestre;11088.25;11088.25;11088.25;11076.015282846762;11076.70052083265;15554.0
397;2019-02-01;Brasil/Mato Grosso do Sul/Terrestre;6491.5;6491.5;6491.5005;6483.249771897912;6483.724826388474;5112.0
398;2019-03-01;Brasil/Mato Grosso do Sul/Terrestre;5632.25;5632.25;5632.25;5626.281706204508;5626.6414930553165;5236.0
399;2019-04-01;Brasil/Mato Grosso do Sul/Terrestre;5182.5;5182.5;5182.5;5179.094206204493;5179.313368055456;5422.0
400;2019-05-01;Brasil/Mato Grosso do Sul/Terrestre;4544.75;4544.75;4544.75;4542.019160584047;4542.181423611038;4215.0
401;2019-06-01;Brasil/Mato Grosso do Sul/Terrestre;4242.0;4242.0;4242.0;4239.002965328569;4239.177083333267;5231.0
402;2019-07-01;Brasil/Mato Grosso do Sul/Terrestre;6225.5;6225.5;6225.5;6219.213047445374;6219.540798611009;6140.0
403;2019-08-01;Brasil/Mato Grosso do Sul/Terrestre;5621.0;5621.0;5621.0;5615.032162408882;5615.354166666589;5332.0
404;2019-09-01;Brasil/Mato Grosso do Sul/Terrestre;4822.25;4822.25;4822.25;4819.637545620536;4819.801215277696;5257.0
405;2019-10-01;Brasil/Mato Grosso do Sul/Terrestre;5212.25;5212.25;5212.25;5206.933166058517;5207.228298611016;4638.0
406;2019-11-01;Brasil/Mato Grosso do Sul/Terrestre;5314.75;5314.75;5314.75;5309.28512773736;5309.568576388781;4436.0
407;2019-12-01;Brasil/Mato Grosso do Sul/Terrestre;11430.75;11430.75;11430.75;11418.900775547596;11419.533854166471;14586.0
408;2019-01-01;Brasil/Minas Gerais/Aérea;3942.25;3942.25;3942.25;3917.7805656935784;3930.700520833342;9386.0
409;2019-02-01;Brasil/Minas Gerais/Aérea;4390.25;4390.25;4390.25;4373.749543795764;4382.474826388883;9407.0
410;2019-03-01;Brasil/Minas Gerais/Aérea;5693.5;5693.5;5693.5;5681.563412408878;5687.891493055539;5850.0
411;2019-04-01;Brasil/Minas Gerais/Aérea;3992.75;3992.75;3992.7502;3985.938412408846;3989.563368055539;3553.0
412;2019-05-01;Brasil/Minas Gerais/Aérea;3565.75;3565.75;3565.7498;3560.2883211679564;3563.181423611099;1738.0
413;2019-06-01;Brasil/Minas Gerais/Aérea;3796.25;3796.25;3796.25;3790.2559306570024;3793.427083333317;3044.0
414;2019-07-01;Brasil/Minas Gerais/Aérea;6275.5;6275.5;6275.5;6262.926094890607;6269.540798611094;7976.0
415;2019-08-01;Brasil/Minas Gerais/Aérea;5024.5;5024.5;5024.5;5012.564324817612;5018.854166666646;2979.0
416;2019-09-01;Brasil/Minas Gerais/Aérea;3566.5;3566.5;3566.4998;3561.275091240955;3564.051215277759;2309.0
417;2019-10-01;Brasil/Minas Gerais/Aérea;3610.75;3610.75;3610.7498;3600.116332116883;3605.72829861109;1370.0
418;2019-11-01;Brasil/Minas Gerais/Aérea;4314.0;4314.0;4314.0;4303.070255474551;4308.818576388868;1806.0
419;2019-12-01;Brasil/Minas Gerais/Aérea;6923.5;6923.5;6923.5;6899.801551095018;6912.283854166652;5006.0
420;2019-01-01;Brasil/Outras Unidades da Federação/Aérea;815.25;815.25;298.63885;327.06222627726856;504.70052083370695;545.0
421;2019-02-01;Brasil/Outras Unidades da Federação/Aérea;610.5;610.5;201.19441;234.04981751821975;371.5685763891111;673.0
422;2019-03-01;Brasil/Outras Unidades da Federação/Aérea;472.0;472.0;176.6377;202.27536496353954;300.79774305567673;809.0
423;2019-04-01;Brasil/Outras Unidades da Federação/Aérea;421.75;421.75;205.06671;260.4753649635589;319.4696180556153;549.0
424;2019-05-01;Brasil/Outras Unidades da Federação/Aérea;427.5;427.5;219.94011;289.51532846720846;340.0564236111507;426.0
425;2019-06-01;Brasil/Outras Unidades da Federação/Aérea;328.75;328.75;161.38217;180.95237226282586;235.05208333336628;470.0
426;2019-07-01;Brasil/Outras Unidades da Federação/Aérea;455.75;455.75;170.19998;122.22043795627222;244.47829861118214;579.0
427;2019-08-01;Brasil/Outras Unidades da Federação/Aérea;288.0;288.0;90.61138;-27.52427007292072;88.13541666672108;690.0
428;2019-09-01;Brasil/Outras Unidades da Federação/Aérea;438.5;438.5;255.3749;317.41003649640146;361.6762152778327;503.0
429;2019-10-01;Brasil/Outras Unidades da Federação/Aérea;329.0;329.0;116.64894;48.496532846782586;151.32204861117566;495.0
430;2019-11-01;Brasil/Outras Unidades da Federação/Aérea;310.5;310.5;106.36882;15.578102189851029;123.72482638896308;634.0
431;2019-12-01;Brasil/Outras Unidades da Federação/Aérea;342.25;342.25;81.15399;-294.2793795619795;-60.872395833197466;466.0
432;2014-01-01;Brasil/Outras Unidades da Federação/Fluvial;2392.0;2392.0;876.22705;1903.812226277389;2081.450520832951;0.0
433;2014-02-01;Brasil/Outras Unidades da Federação/Fluvial;1849.25;1849.25;609.43286;1472.7998175182468;1610.318576388691;0.0
434;2014-03-01;Brasil/Outras Unidades da Federação/Fluvial;1324.75;1324.75;495.7644;1055.025364963487;1153.5477430554852;0.0
435;2014-04-01;Brasil/Outras Unidades da Federação/Fluvial;792.75;792.75;385.45734;631.4753649634874;690.4696180555565;0.0
436;2014-05-01;Brasil/Outras Unidades da Federação/Fluvial;679.0;679.0;349.3318;541.0153284671319;591.5564236111233;0.0
437;2014-06-01;Brasil/Outras Unidades da Federação/Fluvial;727.0;727.0;356.88165;579.2023722627529;633.3020833333416;1.0
438;2014-07-01;Brasil/Outras Unidades da Federação/Fluvial;1642.5;1642.5;613.39215;1308.9704379561877;1431.2282986111213;0.0
439;2014-08-01;Brasil/Outras Unidades da Federação/Fluvial;1553.75;1553.75;488.84528;1238.2257299269854;1353.8854166666913;0.0
440;2014-09-01;Brasil/Outras Unidades da Federação/Fluvial;595.0;595.0;346.51782;473.9100364963374;518.1762152777875;0.0
441;2014-10-01;Brasil/Outras Unidades da Federação/Fluvial;1381.25;1381.25;489.73056;1100.7465328467001;1203.5720486111238;0.0
442;2014-11-01;Brasil/Outras Unidades da Federação/Fluvial;1452.75;1452.75;497.6725;1157.8281021897603;1265.9748263888978;0.0
443;2014-12-01;Brasil/Outras Unidades da Federação/Fluvial;3135.25;3135.25;743.4274;2498.7206204379418;2732.127604166634;0.0
444;2019-01-01;Brasil/Outras Unidades da Federação/Marítima;30.75;30.75;11.264206;-457.4377737228698;-279.79947916644477;50.0
445;2019-02-01;Brasil/Outras Unidades da Federação/Marítima;36.5;36.5;12.028823;-339.95018248188956;-202.43142361101096;82.0
446;2019-03-01;Brasil/Outras Unidades da Federação/Marítima;28.5;28.5;10.665624;-241.22463503657215;-142.70225694443184;54.0
447;2019-04-01;Brasil/Outras Unidades da Federação/Marítima;20.25;20.25;9.84612;-141.02463503653212;-82.03038194447518;28.0
448;2019-05-01;Brasil/Outras Unidades da Federação/Marítima;26.75;26.75;13.762335;-111.23467153287008;-60.69357638892201;22.0
449;2019-06-01;Brasil/Outras Unidades da Federação/Marítima;23.25;23.25;11.413341;-124.54762773724715;-70.44791666669384;12.0
450;2019-07-01;Brasil/Outras Unidades da Federação/Marítima;10.0;10.0;3.734503;-323.5295620438418;-201.27170138893035;1.0
451;2019-08-01;Brasil/Outras Unidades da Federação/Marítima;11.5;11.5;3.6181629;-304.02427007302344;-188.36458333338274;13.0
452;2019-09-01;Brasil/Outras Unidades da Federação/Marítima;22.25;22.25;12.958019;-98.83996350368452;-54.57378472225505;9.0
453;2019-10-01;Brasil/Outras Unidades da Federação/Marítima;33.75;33.75;11.966267;-246.75346715332702;-143.9279513889298;25.0
454;2019-11-01;Brasil/Outras Unidades da Federação/Marítima;37.5;37.5;12.846476;-257.4218978102642;-149.2751736111482;39.0
455;2019-12-01;Brasil/Outras Unidades da Federação/Marítima;32.25;32.25;7.647089;-604.2793795621258;-370.8723958333523;22.0
456;2019-01-01;Brasil/Outras Unidades da Federação/Terrestre;536.75;536.75;196.61992;48.56222627788361;226.2005208331723;555.0
457;2019-02-01;Brasil/Outras Unidades da Federação/Terrestre;262.0;262.0;86.34388;-114.45018248139266;23.068576388786024;385.0
458;2019-03-01;Brasil/Outras Unidades da Federação/Terrestre;291.75;291.75;109.182304;22.025364963751674;120.54774305549184;335.0
459;2019-04-01;Brasil/Outras Unidades da Federação/Terrestre;308.25;308.25;149.87982;146.97536496365225;205.969618055518;434.0
460;2019-05-01;Brasil/Outras Unidades da Federação/Terrestre;265.25;265.25;136.46576;127.26532846726964;177.80642361108448;385.0
461;2019-06-01;Brasil/Outras Unidades da Federação/Terrestre;349.0;349.0;171.32283;201.20237226288322;255.3020833333097;446.0
462;2019-07-01;Brasil/Outras Unidades da Federação/Terrestre;513.25;513.25;191.67337;179.72043795636063;301.97829861106885;557.0
463;2019-08-01;Brasil/Outras Unidades da Federação/Terrestre;413.75;413.75;130.1752;98.22572992715135;213.88541666663187;449.0
464;2019-09-01;Brasil/Outras Unidades da Federação/Terrestre;369.0;369.0;214.89928;247.9100364964799;292.17621527774793;406.0
465;2019-10-01;Brasil/Outras Unidades da Federação/Terrestre;396.0;396.0;140.40419;115.49653284686835;218.32204861107314;375.0
466;2019-11-01;Brasil/Outras Unidades da Federação/Terrestre;409.0;409.0;140.11223;114.07810218995215;222.2248263888447;350.0
467;2019-12-01;Brasil/Outras Unidades da Federação/Terrestre;600.0;600.0;142.27142;-36.529379561790485;196.87760416659313;663.0
468;2019-01-01;Brasil/Paraná/Aérea;3959.0;3959.0;3938.4487;3783.2122262772787;3843.700520833216;3374.0
469;2019-02-01;Brasil/Paraná/Aérea;4509.75;4509.75;4495.6533;4442.199817518228;4463.881076388783;4006.0
470;2019-03-01;Brasil/Paraná/Aérea;4666.75;4666.75;4653.4624;4619.925364963507;4634.860243055448;3628.0
471;2019-04-01;Brasil/Paraná/Aérea;7633.25;7633.25;7624.932;7617.875364963513;7622.157118055477;3365.0
472;2019-05-01;Brasil/Paraná/Aérea;6319.75;6319.75;6315.9546;6312.215328467169;6313.837673611034;3439.0
473;2019-06-01;Brasil/Paraná/Aérea;3199.5;3199.5;3194.8684;3186.4523722627905;3190.020833333252;2333.0
474;2019-07-01;Brasil/Paraná/Aérea;3476.5;3476.5;3473.957;3461.8204379562226;3464.5095486110486;3320.0
475;2019-08-01;Brasil/Paraná/Aérea;3399.25;3399.25;3396.851;3387.3757299270333;3389.166666666603;3448.0
476;2019-09-01;Brasil/Paraná/Aérea;3381.75;3381.75;3377.2898;3366.0600364963616;3370.801215277719;3160.0
477;2019-10-01;Brasil/Paraná/Aérea;3993.75;3993.75;3992.2878;3984.9465328467336;3985.8845486110386;3894.0
478;2019-11-01;Brasil/Paraná/Aérea;3606.75;3606.75;3603.4543;3590.378102189801;3594.0685763888073;3493.0
479;2019-12-01;Brasil/Paraná/Aérea;3692.75;3692.75;3686.0012;3647.7206204379627;3659.315104166582;3696.0
480;2019-01-01;Brasil/Paraná/Marítima;4.5;4.5;4.47664;-171.28777372251605;-110.79947916713945;2.0
481;2019-02-01;Brasil/Paraná/Marítima;3.25;3.25;3.239841;-64.30018248170207;-42.618923611353075;0.0
482;2019-03-01;Brasil/Paraná/Marítima;7.75;7.75;7.7279334;-39.074635036490044;-24.139756944512584;1.0
483;2019-04-01;Brasil/Paraná/Marítima;0.75;0.75;0.74918276;-14.624635036513755;-10.34288194443495;3.0
484;2019-05-01;Brasil/Paraná/Marítima;11.75;11.75;11.742944;4.215328467130781;5.837673611141661;0.0
485;2019-06-01;Brasil/Paraná/Marítima;7.25;7.25;7.239505;-5.797627737244188;-2.229166666631316;1.0
486;2019-07-01;Brasil/Paraná/Marítima;3.25;3.25;3.2476227;-11.429562043813076;-8.740451388887413;1.0
487;2019-08-01;Brasil/Paraná/Marítima;2.25;2.25;2.2484121;-9.62427007302533;-7.833333333318256;1.0
488;2019-09-01;Brasil/Paraná/Marítima;4.5;4.5;4.494065;-11.189963503662032;-6.448784722212507;2.0
489;2019-10-01;Brasil/Paraná/Marítima;3.25;3.25;3.2488103;-5.553467153307243;-4.61545138887732;1.0
490;2019-11-01;Brasil/Paraná/Marítima;3.0;3.0;2.9972587;-13.371897810244572;-9.681423611100259;2.0
491;2019-12-01;Brasil/Paraná/Marítima;2.5;2.5;2.495431;-42.52937956205153;-30.93489583339509;3.0
492;2019-01-01;Brasil/Paraná/Terrestre;155084.0;155084.0;154278.94;154908.21222627736;154968.7005208335;154957.0
493;2019-02-01;Brasil/Paraná/Terrestre;92676.25;92676.25;92386.555;92608.69981751828;92630.38107638898;114495.0
494;2019-03-01;Brasil/Paraná/Terrestre;68930.75;68930.75;68734.484;68883.92536496355;68898.86024305563;72219.0
495;2019-04-01;Brasil/Paraná/Terrestre;50336.25;50336.25;50281.402;50320.87536496354;50325.15711805559;84825.0
496;2019-05-01;Brasil/Paraná/Terrestre;38154.75;38154.75;38131.836;38147.21532846719;38148.837673611146;50924.0
497;2019-06-01;Brasil/Paraná/Terrestre;33524.75;33524.75;33476.22;33511.7023722628;33515.27083333337;49099.0
498;2019-07-01;Brasil/Paraná/Terrestre;62408.25;62408.25;62362.598;62393.570437956274;62396.25954861116;84020.0
499;2019-08-01;Brasil/Paraná/Terrestre;46826.25;46826.25;46793.207;46814.37572992704;46816.16666666672;62452.0
500;2019-09-01;Brasil/Paraná/Terrestre;48105.75;48105.75;48042.3;48090.060036496376;48094.801215277825;60537.0
501;2019-10-01;Brasil/Paraná/Terrestre;58074.75;58074.75;58053.49;58065.94653284674;58066.88454861115;65542.0
502;2019-11-01;Brasil/Paraná/Terrestre;61993.5;61993.5;61936.85;61977.12810218984;61980.81857638894;75351.0
503;2019-12-01;Brasil/Paraná/Terrestre;93384.25;93384.25;93213.58;93339.220620438;93350.81510416673;91158.0
504;2019-01-01;Brasil/Pará/Aérea;1568.5;1568.5;1568.5;1556.265282846386;1556.9505208336434;1623.0
505;2019-02-01;Brasil/Pará/Aérea;1988.25;1988.25;1988.2501;1979.9997718975585;1980.4748263890822;1792.0
506;2019-03-01;Brasil/Pará/Aérea;1916.0;1916.0;1916.0;1910.0317062041847;1910.3914930556568;2091.0
507;2019-04-01;Brasil/Pará/Aérea;2221.25;2221.25;2221.25;2217.844206204245;2218.0633680555984;1243.0
508;2019-05-01;Brasil/Pará/Aérea;1488.75;1488.75;1488.75;1486.0191605838365;1486.1814236111384;917.0
509;2019-06-01;Brasil/Pará/Aérea;1856.75;1856.75;1856.7501;1853.7529653283711;1853.927083333357;1248.0
510;2019-07-01;Brasil/Pará/Aérea;3276.75;3276.75;3276.75;3270.463047445108;3270.790798611158;2354.0
511;2019-08-01;Brasil/Pará/Aérea;3067.5;3067.5;3067.5;3061.532162408619;3061.8541666667043;2809.0
512;2019-09-01;Brasil/Pará/Aérea;2979.5;2979.5;2979.5002;2976.8875456203173;2977.051215277818;3286.0
513;2019-10-01;Brasil/Pará/Aérea;2811.0;2811.0;2811.0;2805.683166058254;2805.9782986111572;1953.0
514;2019-11-01;Brasil/Pará/Aérea;2292.25;2292.25;2292.25;2286.7851277370683;2287.0685763889405;1867.0
515;2019-12-01;Brasil/Pará/Aérea;3006.75;3006.75;3006.7502;2994.9007755472217;2995.533854166759;2690.0
516;2019-01-01;Brasil/Pará/Fluvial;385.0;385.0;385.0;372.76528284711316;373.450520833231;699.0
517;2019-02-01;Brasil/Pará/Fluvial;366.75;366.75;366.75;358.4997718981197;358.9748263888405;1173.0
518;2019-03-01;Brasil/Pará/Fluvial;15.25;15.25;15.25;9.281706204620155;9.641493055547542;168.0
519;2019-04-01;Brasil/Pará/Fluvial;143.25;143.25;143.25;139.84420620454537;140.06336805556563;6.0
520;2019-05-01;Brasil/Pará/Fluvial;12.5;12.5;12.5;9.769160584072914;9.931423611126775;28.0
521;2019-06-01;Brasil/Pará/Fluvial;6.25;6.25;6.2500005;3.252965328586948;3.427083333348078;4.0
522;2019-07-01;Brasil/Pará/Fluvial;2.75;2.75;2.75;-3.5369525545587215;-3.209201388882376;1.0
523;2019-08-01;Brasil/Pará/Fluvial;2.0;2.0;2.0;-3.967837591071166;-3.6458333333239477;3.0
524;2019-09-01;Brasil/Pará/Fluvial;23.25;23.25;23.25;20.63754562058988;20.80121527778902;1.0
525;2019-10-01;Brasil/Pará/Fluvial;71.5;71.5;71.5;66.18316605857548;66.47829861112125;1.0
526;2019-11-01;Brasil/Pará/Fluvial;45.0;45.0;45.0;39.53512773742237;39.81857638889816;45.0
527;2019-12-01;Brasil/Pará/Fluvial;0.75;0.75;0.75;-11.099224452277157;-10.466145833337782;4.0
528;1993-01-01;Brasil/Pará/Marítima;0.0;0.0;0.0;-12.234717153667823;-11.549479166885073;0.0
529;1993-02-01;Brasil/Pará/Marítima;0.0;0.0;0.0;-8.250228102451155;-7.775173611246344;10.0
530;1993-03-01;Brasil/Pará/Marítima;0.0;0.0;0.0;-5.968293795810992;-5.6085069445224365;3.0
531;1993-04-01;Brasil/Pará/Marítima;0.0;0.0;0.0;-3.4057937957388624;-3.1866319444832145;0.0
532;1993-05-01;Brasil/Pará/Marítima;0.0;0.0;0.0;-2.7308394161472265;-2.56857638891405;0.0
533;1993-06-01;Brasil/Pará/Marítima;0.0;0.0;0.0;-2.9970346716189487;-2.8229166666890997;0.0
534;1993-07-01;Brasil/Pará/Marítima;0.0;0.0;0.0;-6.286952554873524;-5.959201388920697;0.0
535;1993-08-01;Brasil/Pará/Marítima;0.0;0.0;0.0;-5.967837591353853;-5.6458333333588895;0.0
536;1993-09-01;Brasil/Pará/Marítima;0.0;0.0;0.0;-2.6124543796655697;-2.4487847222546018;0.0
537;1993-10-01;Brasil/Pará/Marítima;0.0;0.0;0.0;-5.316833941726141;-5.0217013889237645;0.0
538;1993-11-01;Brasil/Pará/Marítima;0.0;0.0;0.0;-5.464872262910152;-5.181423611149335;0.0
539;1993-12-01;Brasil/Pará/Marítima;0.0;0.0;0.0;-11.849224452758508;-11.21614583339727;0.0
540;2019-01-01;Brasil/Pernambuco/Aérea;5972.5;5972.5;5972.5;5956.187043795514;5960.950520833116;8822.0
541;2019-02-01;Brasil/Pernambuco/Aérea;6235.75;6235.75;6235.75;6224.749695863703;6227.97482638875;8750.0
542;2019-03-01;Brasil/Pernambuco/Aérea;6796.5;6796.5;6796.5;6788.542274939178;6790.891493055479;8157.0
543;2019-04-01;Brasil/Pernambuco/Aérea;4547.5;4547.5;4547.5;4542.95894160586;4544.313368055517;7636.0
544;2019-05-01;Brasil/Pernambuco/Aérea;3504.0;3504.0;3504.0;3500.3588807786064;3501.431423611084;5397.0
545;2019-06-01;Brasil/Pernambuco/Aérea;4156.75;4156.75;4156.75;4152.7539537713055;4153.927083333307;6580.0
546;2019-07-01;Brasil/Pernambuco/Aérea;6627.5;6627.5;6627.4995;6619.117396593691;6621.540798611072;9290.0
547;2019-08-01;Brasil/Pernambuco/Aérea;6267.75;6267.75;6267.7495;6259.792883211708;6262.1041666666315;10099.0
548;2019-09-01;Brasil/Pernambuco/Aérea;5309.75;5309.75;5309.75;5306.266727493942;5307.301215277746;7205.0
549;2019-10-01;Brasil/Pernambuco/Aérea;6671.5;6671.5;6671.5005;6664.410888077884;6666.478298611072;7294.0
550;2019-11-01;Brasil/Pernambuco/Aérea;7081.5;7081.5;7081.499;7074.213503649659;7076.318576388845;8814.0
551;2019-12-01;Brasil/Pernambuco/Aérea;10524.75;10524.75;10524.75;10508.95103406327;10513.533854166599;12925.0
552;2019-01-01;Brasil/Pernambuco/Marítima;2274.0;2274.0;2274.0;2257.6870437954844;2262.4505208336345;2372.0
553;2019-02-01;Brasil/Pernambuco/Marítima;74.75;74.75;74.75;63.74969586362769;66.97482638907954;165.0
554;2019-03-01;Brasil/Pernambuco/Marítima;43.5;43.5;43.5;35.54227493906843;37.8914930556651;35.0
555;2019-04-01;Brasil/Pernambuco/Marítima;17.0;17.0;17.0;12.458941605772463;13.813368055612832;16.0
556;2019-05-01;Brasil/Pernambuco/Marítima;18.75;18.75;18.75;15.108880778530356;16.181423611152866;13.0
557;2019-06-01;Brasil/Pernambuco/Marítima;11.0;11.0;11.0;7.0039537712341335;8.177083333370279;14.0
558;2019-07-01;Brasil/Pernambuco/Marítima;13.25;13.25;13.249999;4.867396593592866;7.290798611166519;12.0
559;2019-08-01;Brasil/Pernambuco/Marítima;5.25;5.25;5.2499995;-2.7071167883978986;-0.39583333328426695;4.0
560;2019-09-01;Brasil/Pernambuco/Marítima;7.5;7.5;7.5;4.016727493849613;5.051215277822185;34.0
561;2019-10-01;Brasil/Pernambuco/Marítima;87.5;87.5;87.50001;80.4108880777734;82.47829861116571;156.0
562;2019-11-01;Brasil/Pernambuco/Marítima;2542.0;2542.0;2541.9998;2534.7135036495506;2536.818576388951;6511.0
563;2019-12-01;Brasil/Pernambuco/Marítima;4449.0;4449.0;4449.0;4433.201034063145;4437.783854166766;1619.0
564;2019-01-01;Brasil/Rio Grande do Norte/Aérea;3431.0;3431.0;3431.0;3414.687043795708;3419.4505208332257;2416.0
565;2019-02-01;Brasil/Rio Grande do Norte/Aérea;3220.5;3220.5;3220.5;3209.4996958637857;3212.7248263888296;2513.0
566;2019-03-01;Brasil/Rio Grande do Norte/Aérea;2494.25;2494.25;2494.25;2486.2922749391955;2488.6414930555306;2251.0
567;2019-04-01;Brasil/Rio Grande do Norte/Aérea;1600.5;1600.5;1600.4999;1595.9589416058498;1597.3133680555475;2059.0
568;2019-05-01;Brasil/Rio Grande do Norte/Aérea;984.75;984.75;984.75006;981.1088807785967;982.1814236111114;1037.0
569;2019-06-01;Brasil/Rio Grande do Norte/Aérea;1165.5;1165.5;1165.5;1161.503953771294;1162.677083333336;1423.0
570;2019-07-01;Brasil/Rio Grande do Norte/Aérea;2152.5;2152.5;2152.5;2144.1173965936837;2146.540798611093;1888.0
571;2019-08-01;Brasil/Rio Grande do Norte/Aérea;2064.0;2064.0;2064.0;2056.0428832116845;2058.354166666655;2425.0
572;2019-09-01;Brasil/Rio Grande do Norte/Aérea;1226.5;1226.5;1226.5;1223.016727493925;1224.0512152777694;1491.0
573;2019-10-01;Brasil/Rio Grande do Norte/Aérea;2019.25;2019.25;2019.2501;2012.1608880778651;2014.228298611097;1844.0
574;2019-11-01;Brasil/Rio Grande do Norte/Aérea;3378.25;3378.25;3378.25;3370.9635036496416;3373.0685763888746;3168.0
575;2019-12-01;Brasil/Rio Grande do Norte/Aérea;4000.0;4000.0;4000.0;3984.201034063281;3988.783854166629;4036.0
576;2019-01-01;Brasil/Rio Grande do Norte/Marítima;264.25;264.25;264.25;247.93704379566785;252.70052083349324;703.0
577;2019-02-01;Brasil/Rio Grande do Norte/Marítima;5.75;5.75;5.75;-5.2503041362359575;-2.025173611027995;6.0
578;2019-03-01;Brasil/Rio Grande do Norte/Marítima;2.5;2.5;2.5;-5.457725060819963;-3.1085069444212903;0.0
579;2019-04-01;Brasil/Rio Grande do Norte/Marítima;21.75;21.75;21.75;17.20894160583922;18.5633680555566;615.0
580;2019-05-01;Brasil/Rio Grande do Norte/Marítima;3.25;3.25;3.2500002;-0.39111922140986277;0.6814236111036519;0.0
581;2019-06-01;Brasil/Rio Grande do Norte/Marítima;1.25;1.25;1.25;-2.7460462287134977;-1.5729166666754912;0.0
582;2019-07-01;Brasil/Rio Grande do Norte/Marítima;0.5;0.5;0.5;-7.882603406321361;-5.459201388880418;8.0
583;2019-08-01;Brasil/Rio Grande do Norte/Marítima;1.0;1.0;1.0;-6.957116788323447;-4.64583333333417;0.0
584;2019-09-01;Brasil/Rio Grande do Norte/Marítima;1.25;1.25;1.25;-2.233272506086765;-1.1987847222222514;0.0
585;2019-10-01;Brasil/Rio Grande do Norte/Marítima;0.5;0.5;0.50000006;-6.589111922138333;-4.521701388886549;3.0
586;2019-11-01;Brasil/Rio Grande do Norte/Marítima;196.75;196.75;196.75;189.46350364964337;191.56857638889377;0.0
587;2019-12-01;Brasil/Rio Grande do Norte/Marítima;65.5;65.5;65.5;49.70103406327606;54.28385416669628;2.0
588;2019-01-01;Brasil/Rio Grande do Sul/Aérea;6177.25;6177.25;6177.25;6167.4622262775965;6165.700520833183;7675.0
589;2019-02-01;Brasil/Rio Grande do Sul/Aérea;6047.75;6047.75;6047.75;6041.149817518395;6039.974826388836;6739.0
590;2019-03-01;Brasil/Rio Grande do Sul/Aérea;7961.0;7961.0;7960.9995;7956.225364963646;7955.391493055546;4963.0
591;2019-04-01;Brasil/Rio Grande do Sul/Aérea;4762.75;4762.75;4762.75;4760.025364963607;4759.563368055564;4633.0
592;2019-05-01;Brasil/Rio Grande do Sul/Aérea;3696.25;3696.25;3696.2498;3694.0653284672403;3693.681423611126;3508.0
593;2019-06-01;Brasil/Rio Grande do Sul/Aérea;3513.5;3513.5;3513.5002;3511.1023722628574;3510.6770833333517;5694.0
594;2019-07-01;Brasil/Rio Grande do Sul/Aérea;4982.5;4982.5;4982.5;4977.470437956315;4976.540798611105;4820.0
595;2019-08-01;Brasil/Rio Grande do Sul/Aérea;4533.25;4533.25;4533.25;4528.475729927113;4527.604166666676;3403.0
596;2019-09-01;Brasil/Rio Grande do Sul/Aérea;4154.0;4154.0;4154.0005;4151.910036496448;4151.551215277781;4099.0
597;2019-10-01;Brasil/Rio Grande do Sul/Aérea;5397.0;5397.0;5397.0;5392.746532846822;5391.97829861111;3468.0
598;2019-11-01;Brasil/Rio Grande do Sul/Aérea;6334.75;6334.75;6334.7495;6330.378102189909;6329.568576388887;4407.0
599;2019-12-01;Brasil/Rio Grande do Sul/Aérea;7476.0;7476.0;7476.0;7466.520620438116;7464.783854166642;5528.0
600;2019-01-01;Brasil/Rio Grande do Sul/Fluvial;14477.75;14477.75;14477.75;14467.96222627706;14466.200520833578;9789.0
601;2019-02-01;Brasil/Rio Grande do Sul/Fluvial;10045.0;10045.0;10045.0;10038.399817518028;10037.224826389061;8150.0
602;2019-03-01;Brasil/Rio Grande do Sul/Fluvial;4989.75;4989.75;4989.7495;4984.975364963357;4984.141493055681;3932.0
603;2019-04-01;Brasil/Rio Grande do Sul/Fluvial;4586.75;4586.75;4586.75;4584.025364963401;4583.563368055645;4084.0
604;2019-05-01;Brasil/Rio Grande do Sul/Fluvial;4146.75;4146.75;4146.75;4144.56532846708;4144.181423611184;2744.0
605;2019-06-01;Brasil/Rio Grande do Sul/Fluvial;2690.5;2690.5;2690.5;2688.102372262705;2687.6770833333935;3884.0
606;2019-07-01;Brasil/Rio Grande do Sul/Fluvial;5368.5;5368.5;5368.5;5363.4704379560935;5362.540798611216;5102.0
607;2019-08-01;Brasil/Rio Grande do Sul/Fluvial;3466.0;3466.0;3466.0;3461.225729926911;3460.354166666757;3092.0
608;2019-09-01;Brasil/Rio Grande do Sul/Fluvial;3040.5;3040.5;3040.5002;3038.410036496261;3038.051215277862;3107.0
609;2019-10-01;Brasil/Rio Grande do Sul/Fluvial;3570.0;3570.0;3570.0;3565.746532846606;3564.978298611214;3173.0
610;2019-11-01;Brasil/Rio Grande do Sul/Fluvial;3490.0;3490.0;3490.0;3485.628102189661;3484.818576388999;3652.0
611;2019-12-01;Brasil/Rio Grande do Sul/Fluvial;6241.25;6241.25;6241.25;6231.770620437781;6230.033854166819;5235.0
612;2019-01-01;Brasil/Rio Grande do Sul/Marítima;16.75;16.75;16.75;6.962226277557041;5.200520833249143;21.0
613;2019-02-01;Brasil/Rio Grande do Sul/Marítima;1077.25;1077.25;1077.25;1070.6498175183713;1069.4748263888678;5.0
614;2019-03-01;Brasil/Rio Grande do Sul/Marítima;579.0;579.0;578.99994;574.2253649635925;573.3914930555496;865.0
615;2019-04-01;Brasil/Rio Grande do Sul/Marítima;15.75;15.75;15.75;13.02536496355275;12.563368055574141;570.0
616;2019-05-01;Brasil/Rio Grande do Sul/Marítima;17.25;17.25;17.25;15.065328467194;14.681423611133596;21.0
617;2019-06-01;Brasil/Rio Grande do Sul/Marítima;21.75;21.75;21.75;19.35237226281477;18.927083333352606;4.0
618;2019-07-01;Brasil/Rio Grande do Sul/Marítima;11.75;11.75;11.75;6.720437956256358;5.790798611118807;2.0
619;2019-08-01;Brasil/Rio Grande do Sul/Marítima;10.5;10.5;10.5;5.725729927052625;4.8541666666793475;0.0
620;2019-09-01;Brasil/Rio Grande do Sul/Marítima;8.25;8.25;8.250001;6.1600364963947465;5.801215277786535;12.0
621;2019-10-01;Brasil/Rio Grande do Sul/Marítima;9.5;9.5;9.5;5.246532846766946;4.478298611122662;3.0
622;2019-11-01;Brasil/Rio Grande do Sul/Marítima;15.75;15.75;15.75;11.378102189843153;10.568576388900544;8.0
623;2019-12-01;Brasil/Rio Grande do Sul/Marítima;22.75;22.75;22.750002;13.27062043803959;11.53385416666623;636.0
624;2019-01-01;Brasil/Rio Grande do Sul/Terrestre;398004.0;398004.0;398004.0;397994.2122262776;397992.45052083343;183572.0
625;2019-02-01;Brasil/Rio Grande do Sul/Terrestre;231063.0;231063.0;231063.0;231056.39981751837;231055.22482638893;145195.0
626;2019-03-01;Brasil/Rio Grande do Sul/Terrestre;104725.0;104725.0;104725.0;104720.2253649635;104719.39149305552;54936.0
627;2019-04-01;Brasil/Rio Grande do Sul/Terrestre;30347.75;30347.75;30347.752;30345.025364963447;30344.563368055497;54165.0
628;2019-05-01;Brasil/Rio Grande do Sul/Terrestre;14793.5;14793.5;14793.5;14791.315328467088;14790.931423611053;11583.0
629;2019-06-01;Brasil/Rio Grande do Sul/Terrestre;14713.75;14713.75;14713.75;14711.352372262705;14710.927083333268;42856.0
630;2019-07-01;Brasil/Rio Grande do Sul/Terrestre;27803.75;27803.75;27803.75;27798.72043795614;27797.790798611055;24529.0
631;2019-08-01;Brasil/Rio Grande do Sul/Terrestre;17858.5;17858.5;17858.5;17853.72572992693;17852.8541666666;12881.0
632;2019-09-01;Brasil/Rio Grande do Sul/Terrestre;20737.5;20737.5;20737.5;20735.410036496294;20735.051215277734;19300.0
633;2019-10-01;Brasil/Rio Grande do Sul/Terrestre;25169.25;25169.25;25169.25;25164.996532846653;25164.22829861105;16146.0
634;2019-11-01;Brasil/Rio Grande do Sul/Terrestre;33055.5;33055.5;33055.5;33051.12810218972;33050.318576388825;28030.0
635;2019-12-01;Brasil/Rio Grande do Sul/Terrestre;85056.5;85056.5;85056.5;85047.02062043792;85045.28385416663;62465.0
636;2019-01-01;Brasil/Rio de Janeiro/Aérea;126972.25;126972.25;126972.25;126955.9370437957;126960.70052083363;126142.0
637;2019-02-01;Brasil/Rio de Janeiro/Aérea;139041.75;139041.75;139041.75;139030.7496958638;139033.9748263891;135859.0
638;2019-03-01;Brasil/Rio de Janeiro/Aérea;128709.25;128709.25;128709.25;128701.29227493922;128703.64149305563;135509.0
639;2019-04-01;Brasil/Rio de Janeiro/Aérea;98828.0;98828.0;98828.01;98823.45894160586;98824.81336805559;91706.0
640;2019-05-01;Brasil/Rio de Janeiro/Aérea;83642.0;83642.0;83642.0;83638.3588807786;83639.43142361111;72060.0
641;2019-06-01;Brasil/Rio de Janeiro/Aérea;76455.75;76455.75;76455.75;76451.7539537713;76452.92708333337;77382.0
642;2019-07-01;Brasil/Rio de Janeiro/Aérea;112510.0;112510.0;112510.0;112501.61739659368;112504.04079861112;87146.0
643;2019-08-01;Brasil/Rio de Janeiro/Aérea;116999.0;116999.0;116999.0;116991.0428832117;116993.35416666669;89031.0
644;2019-09-01;Brasil/Rio de Janeiro/Aérea;91922.75;91922.75;91922.75;91919.26672749389;91920.3012152778;85406.0
645;2019-10-01;Brasil/Rio de Janeiro/Aérea;110336.25;110336.25;110336.25;110329.16088807785;110331.22829861114;90255.0
646;2019-11-01;Brasil/Rio de Janeiro/Aérea;118006.75;118006.75;118006.75;117999.46350364963;118001.56857638892;92901.0
647;2019-12-01;Brasil/Rio de Janeiro/Aérea;142198.5;142198.5;142198.5;142182.70103406327;142187.28385416674;115125.0
648;2019-01-01;Brasil/Rio de Janeiro/Marítima;5989.25;5989.25;5989.25;5972.937043795502;5977.700520833075;15129.0
649;2019-02-01;Brasil/Rio de Janeiro/Marítima;6745.25;6745.25;6745.25;6734.249695863624;6737.474826388773;9015.0
650;2019-03-01;Brasil/Rio de Janeiro/Marítima;6824.75;6824.75;6824.75;6816.792274938996;6819.1414930555;9851.0
651;2019-04-01;Brasil/Rio de Janeiro/Marítima;765.0;765.0;765.0;760.4589416057331;761.8133680555355;2505.0
652;2019-05-01;Brasil/Rio de Janeiro/Marítima;15.75;15.75;15.749999;12.108880778467826;13.181423611105917;27.0
653;2019-06-01;Brasil/Rio de Janeiro/Marítima;46.0;46.0;46.0;42.00395377118037;43.17708333333896;13.0
654;2019-07-01;Brasil/Rio de Janeiro/Marítima;13.25;13.25;13.249999;4.867396593530909;7.290798611104818;1.0
655;2019-08-01;Brasil/Rio de Janeiro/Marítima;147.25;147.25;147.25;139.29288321152794;141.6041666666598;15.0
656;2019-09-01;Brasil/Rio de Janeiro/Marítima;43.75;43.75;43.75;40.266727493801724;41.30121527777678;2.0
657;2019-10-01;Brasil/Rio de Janeiro/Marítima;60.75;60.75;60.750004;53.66088807769552;55.72829861111096;115.0
658;2019-11-01;Brasil/Rio de Janeiro/Marítima;1294.25;1294.25;1294.25;1286.9635036494894;1289.06857638887;57.0
659;2019-12-01;Brasil/Rio de Janeiro/Marítima;8696.75;8696.75;8696.75;8680.951034063077;8685.53385416662;17015.0
660;2019-01-01;Brasil/Roraima/Aérea;1.5;1.5;1.5;-10.734717153376945;-10.049479166670782;0.0
661;2019-02-01;Brasil/Roraima/Aérea;7.5;7.5;7.5;-0.7502281022552153;-0.2751736110854711;11.0
662;2019-03-01;Brasil/Roraima/Aérea;2.25;2.25;2.25;-3.718293795667588;-3.358506944402241;7.0
663;2019-04-01;Brasil/Roraima/Aérea;5.0;5.0;5.0;1.5942062043449117;1.81336805559585;11.0
664;2019-05-01;Brasil/Roraima/Aérea;1.25;1.25;1.25;-1.4808394160849672;-1.318576388850174;1.0
665;2019-06-01;Brasil/Roraima/Aérea;2.25;2.25;2.25;-0.7470346715546762;-0.572916666631432;2.0
666;2019-07-01;Brasil/Roraima/Aérea;9.25;9.25;9.253779;3.2130474452184283;3.4574652778238835;3.0
667;2019-08-01;Brasil/Roraima/Aérea;11.25;11.25;11.25;5.282162408728759;5.604166666713613;4.0
668;2019-09-01;Brasil/Roraima/Aérea;5.0;5.0;5.0000005;2.3875456204067205;2.551215277813823;36.0
669;2019-10-01;Brasil/Roraima/Aérea;9.0;9.0;9.000001;3.6831660583594457;3.978298611154978;1.0
670;2019-11-01;Brasil/Roraima/Aérea;4.0;4.0;4.0;-1.464872262812024;-1.18142361106507;5.0
671;2019-12-01;Brasil/Roraima/Aérea;20.5;20.5;20.499998;8.650775547381821;9.283854166710835;3.0
672;2015-01-01;Brasil/Roraima/Fluvial;0.0;0.0;0.0;-12.234717152959695;-11.549479166355223;0.0
673;2015-02-01;Brasil/Roraima/Fluvial;0.0;0.0;0.0;-8.250228101927515;-7.775173610911904;0.0
674;2015-03-01;Brasil/Roraima/Fluvial;0.0;0.0;0.0;-5.968293795409374;-5.608506944318246;0.0
675;2015-04-01;Brasil/Roraima/Fluvial;0.0;0.0;0.0;-3.4057937954727873;-3.18663194437612;0.0
676;2015-05-01;Brasil/Roraima/Fluvial;0.0;0.0;0.0;-2.7308394159362837;-2.5685763888340927;0.0
677;2015-06-01;Brasil/Roraima/Fluvial;0.0;0.0;0.0;-2.99703467141978;-2.8229166666149554;0.0
678;2015-07-01;Brasil/Roraima/Fluvial;0.0;0.0;0.0;-6.036952554585414;-5.7925347221606565;4.0
679;2015-08-01;Brasil/Roraima/Fluvial;0.0;0.0;0.0;-5.967837591089681;-5.645833333285802;0.0
680;2015-09-01;Brasil/Roraima/Fluvial;0.0;0.0;0.0;-2.612454379427431;-2.448784722169917;0.0
681;2015-10-01;Brasil/Roraima/Fluvial;0.0;0.0;0.0;-5.316833941445759;-5.021701388828778;0.0
682;2015-11-01;Brasil/Roraima/Fluvial;0.0;0.0;0.0;-5.464872262599744;-5.181423611043815;0.0
683;2015-12-01;Brasil/Roraima/Fluvial;0.0;0.0;0.0;-11.849224452314456;-11.216145833225335;0.0
684;2019-01-01;Brasil/Roraima/Terrestre;2246.0;2246.0;2246.0;2233.765282846672;2234.4505208330643;906.0
685;2019-02-01;Brasil/Roraima/Terrestre;2161.25;2161.25;2161.25;2152.9997718977825;2153.4748263886995;717.0
686;2019-03-01;Brasil/Roraima/Terrestre;2508.0;2508.0;2508.0;2502.0317062043728;2502.391493055422;600.0
687;2019-04-01;Brasil/Roraima/Terrestre;2403.0;2403.0;2403.0;2399.594206204388;2399.8133680554683;1567.0
688;2019-05-01;Brasil/Roraima/Terrestre;2142.25;2142.25;2142.25;2139.519160583951;2139.6814236110376;877.0
689;2019-06-01;Brasil/Roraima/Terrestre;2166.75;2166.75;2166.75;2163.7529653284737;2163.927083333264;833.0
690;2019-07-01;Brasil/Roraima/Terrestre;2438.5;2438.5;2439.4963;2432.46304744527;2432.707465277697;1097.0
691;2019-08-01;Brasil/Roraima/Terrestre;2684.25;2684.25;2684.25;2678.282162408766;2678.6041666665947;1562.0
692;2019-09-01;Brasil/Roraima/Terrestre;1980.25;1980.25;1980.2501;1977.6375456204462;1977.8012152777117;925.0
693;2019-10-01;Brasil/Roraima/Terrestre;2532.75;2532.75;2532.7502;2527.4331660584094;2527.7282986110304;992.0
694;2019-11-01;Brasil/Roraima/Terrestre;2887.75;2887.75;2887.75;2882.2851277372356;2882.568576388798;1079.0
695;2019-12-01;Brasil/Roraima/Terrestre;3409.75;3409.75;3409.7498;3397.900775547453;3398.5338541665465;1232.0
696;2019-01-01;Brasil/Santa Catarina/Aérea;26693.75;26693.75;26693.75;26683.962226277145;26682.200520833165;35626.0
697;2019-02-01;Brasil/Santa Catarina/Aérea;23556.75;23556.75;23556.748;23550.14981751806;23548.974826388814;29188.0
698;2019-03-01;Brasil/Santa Catarina/Aérea;11512.75;11512.75;11512.75;11507.975364963348;11507.14149305556;13060.0
699;2019-04-01;Brasil/Santa Catarina/Aérea;3729.75;3729.75;3729.75;3727.025364963395;3726.5633680555866;4619.0
700;2019-05-01;Brasil/Santa Catarina/Aérea;1395.25;1395.25;1395.25;1393.0653284670614;1392.6814236111443;1112.0
701;2019-06-01;Brasil/Santa Catarina/Aérea;635.5;635.5;635.5;633.1023722626834;632.677083333365;720.0
702;2019-07-01;Brasil/Santa Catarina/Aérea;1478.5;1478.5;1478.5001;1473.470437956083;1472.5407986111454;1286.0
703;2019-08-01;Brasil/Santa Catarina/Aérea;1034.0;1034.0;1034.0;1029.225729926892;1028.3541666667072;954.0
704;2019-09-01;Brasil/Santa Catarina/Aérea;1901.5;1901.5;1901.5;1899.4100364962521;1899.0512152778037;1757.0
705;2019-10-01;Brasil/Santa Catarina/Aérea;2307.25;2307.25;2307.25;2302.9965328465933;2302.2282986111445;1794.0
706;2019-11-01;Brasil/Santa Catarina/Aérea;3889.25;3889.25;3914.9514;3893.0781021896496;3889.193576388921;3373.0
707;2019-12-01;Brasil/Santa Catarina/Aérea;16735.25;16735.25;16837.195;16755.470620437784;16742.596354166682;16562.0
708;2019-01-01;Brasil/Santa Catarina/Fluvial;0.0;0.0;0.0;-9.787773722977239;-11.549479166431714;10420.0
709;2019-02-01;Brasil/Santa Catarina/Fluvial;0.0;0.0;0.0;-6.6001824820073915;-7.775173610980022;10907.0
710;2019-03-01;Brasil/Santa Catarina/Fluvial;0.0;0.0;0.0;-4.774635036658509;-5.60850694437314;2025.0
711;2019-04-01;Brasil/Santa Catarina/Fluvial;0.0;0.0;0.0;-2.7246350365950587;-3.186631944421832;1666.0
712;2019-05-01;Brasil/Santa Catarina/Fluvial;0.0;0.0;0.0;-2.184671532922417;-2.56857638887685;358.0
713;2019-06-01;Brasil/Santa Catarina/Fluvial;0.0;0.0;0.0;-2.397627737297291;-2.8229166666562175;422.0
714;2019-07-01;Brasil/Santa Catarina/Fluvial;0.0;0.0;0.0;-5.02956204390583;-5.959201388865373;0.0
715;2019-08-01;Brasil/Santa Catarina/Fluvial;0.0;0.0;0.0;-4.774270073094448;-5.645833333315417;0.0
716;2019-09-01;Brasil/Santa Catarina/Fluvial;0.0;0.0;0.0;-2.0899635037359943;-2.4487847222042407;0.0
717;2019-10-01;Brasil/Santa Catarina/Fluvial;0.0;0.0;0.0;-4.253467153391387;-5.021701388867759;0.0
718;2019-11-01;Brasil/Santa Catarina/Fluvial;0.0;0.0;0.0;3.8281021896615077;-0.0564236110887466;0.0
719;2019-12-01;Brasil/Santa Catarina/Fluvial;0.0;0.0;0.0;20.220620437771903;7.3463541667165595;1156.0
720;2019-01-01;Brasil/Santa Catarina/Marítima;31.25;31.25;31.25;21.4622262772718;19.700520833182107;6.0
721;2019-02-01;Brasil/Santa Catarina/Marítima;211.0;211.0;210.99997;204.39981751814852;203.2248263887807;2892.0
722;2019-03-01;Brasil/Santa Catarina/Marítima;199.75;199.75;199.75;194.97536496341866;194.14149305548426;7.0
723;2019-04-01;Brasil/Santa Catarina/Marítima;54.0;54.0;54.0;51.2753649634452;50.81336805551356;37.0
724;2019-05-01;Brasil/Santa Catarina/Marítima;5.5;5.5;5.5;3.3153284671020957;2.93142361107412;13.0
725;2019-06-01;Brasil/Santa Catarina/Marítima;9.0;9.0;9.0;6.602372262725744;6.177083333297844;26.0
726;2019-07-01;Brasil/Santa Catarina/Marítima;3.5;3.5;3.5;-1.5295620438548754;-2.4592013889325712;2.0
727;2019-08-01;Brasil/Santa Catarina/Marítima;17.75;17.75;17.75;12.975729926953555;12.104166666626657;12.0
728;2019-09-01;Brasil/Santa Catarina/Marítima;7.0;7.0;7.0;4.910036496300166;4.551215277743061;6.0
729;2019-10-01;Brasil/Santa Catarina/Marítima;6.75;6.75;6.75;2.4965328466557164;1.728298611068004;37.0
730;2019-11-01;Brasil/Santa Catarina/Marítima;123.0;123.0;123.81283;126.82810218971522;122.94357638884303;3.0
731;2019-12-01;Brasil/Santa Catarina/Marítima;9.5;9.5;9.557871;29.720620437860628;16.846354166601564;51.0
732;2019-01-01;Brasil/Santa Catarina/Terrestre;49041.0;49041.0;49041.0;49031.21222627736;49029.45052083348;17902.0
733;2019-02-01;Brasil/Santa Catarina/Terrestre;25303.0;25303.0;25302.998;25296.399817518228;25295.224826388996;17220.0
734;2019-03-01;Brasil/Santa Catarina/Terrestre;5838.0;5838.0;5838.0;5833.225364963484;5832.39149305563;3163.0
735;2019-04-01;Brasil/Santa Catarina/Terrestre;2250.75;2250.75;2250.75;2248.025364963493;2247.5633680555975;2661.0
736;2019-05-01;Brasil/Santa Catarina/Terrestre;1025.0;1025.0;1025.0;1022.8153284671406;1022.4314236111484;1011.0
737;2019-06-01;Brasil/Santa Catarina/Terrestre;802.5;802.5;802.5;800.1023722627637;799.6770833333701;1204.0
738;2019-07-01;Brasil/Santa Catarina/Terrestre;2273.5;2273.5;2273.5;2268.470437956193;2267.540798611147;3148.0
739;2019-08-01;Brasil/Santa Catarina/Terrestre;1132.5;1132.5;1132.5;1127.7257299269927;1126.854166666697;1295.0
740;2019-09-01;Brasil/Santa Catarina/Terrestre;1151.25;1151.25;1151.25;1149.1600364963413;1148.8012152778103;1309.0
741;2019-10-01;Brasil/Santa Catarina/Terrestre;1777.5;1777.5;1777.4999;1773.2465328467047;1772.4782986111504;1747.0
742;2019-11-01;Brasil/Santa Catarina/Terrestre;2192.0;2192.0;2206.4856;2195.8281021897683;2191.9435763889333;3080.0
743;2019-12-01;Brasil/Santa Catarina/Terrestre;7632.75;7632.75;7679.2466;7652.970620437942;7640.096354166718;6909.0
744;2019-01-01;Brasil/São Paulo/Aérea;178688.5;178688.5;178688.5;178672.1870437956;178676.9505208333;200859.0
745;2019-02-01;Brasil/São Paulo/Aérea;206821.75;206821.75;206821.75;206810.74969586366;206813.974826389;244166.0
746;2019-03-01;Brasil/São Paulo/Aérea;226097.25;226097.25;226097.25;226089.29227493922;226091.64149305568;239015.0
747;2019-04-01;Brasil/São Paulo/Aérea;178822.25;178822.25;178822.25;178817.70894160584;178819.06336805565;189513.0
748;2019-05-01;Brasil/São Paulo/Aérea;162527.0;162527.0;162527.0;162523.3588807786;162524.4314236112;163162.0
749;2019-06-01;Brasil/São Paulo/Aérea;155876.0;155876.0;155876.0;155872.0039537713;155873.17708333343;172447.0
750;2019-07-01;Brasil/São Paulo/Aérea;179515.0;179515.0;179515.0;179506.61739659365;179509.04079861124;180285.0
751;2019-08-01;Brasil/São Paulo/Aérea;181064.25;181064.25;181064.25;181056.29288321166;181058.6041666668;174040.0
752;2019-09-01;Brasil/São Paulo/Aérea;151004.75;151004.75;151004.75;151001.2667274939;151002.30121527787;175162.0
753;2019-10-01;Brasil/São Paulo/Aérea;179464.75;179464.75;179464.75;179457.6608880778;179459.72829861124;175274.0
754;2019-11-01;Brasil/São Paulo/Aérea;194794.75;194794.75;194794.77;194787.46350364957;194789.56857638902;187178.0
755;2019-12-01;Brasil/São Paulo/Aérea;217529.25;217529.25;217529.23;217513.45103406324;217518.0338541668;221671.0
756;2019-01-01;Brasil/São Paulo/Marítima;2079.75;2079.75;2079.75;2063.4370437959246;2068.2005208333735;5986.0
757;2019-02-01;Brasil/São Paulo/Marítima;2644.5;2644.5;2644.5;2633.499695863931;2636.724826388884;10733.0
758;2019-03-01;Brasil/São Paulo/Marítima;2936.25;2936.25;2936.2498;2928.2922749394547;2930.641493055477;9144.0
759;2019-04-01;Brasil/São Paulo/Marítima;108.25;108.25;108.25;103.70894160600365;105.06336805548861;8.0
760;2019-05-01;Brasil/São Paulo/Marítima;7.5;7.5;7.5;3.858880778772138;4.931423611031206;4.0
761;2019-06-01;Brasil/São Paulo/Marítima;11.0;11.0;11.0;7.003953771422554;8.177083333275913;11.0
762;2019-07-01;Brasil/São Paulo/Marítima;13.5;13.5;13.5;5.117396593834609;7.540798611030339;17.0
763;2019-08-01;Brasil/São Paulo/Marítima;11.5;11.5;11.5;3.5428832118331064;5.85416666660191;111.0
764;2019-09-01;Brasil/São Paulo/Marítima;11.75;11.75;11.75;8.26672749403888;9.301215277719221;4.0
765;2019-10-01;Brasil/São Paulo/Marítima;9.75;9.75;9.75;2.6608880779917126;4.728298611030343;4.0
766;2019-11-01;Brasil/São Paulo/Marítima;341.5;341.5;341.5;334.2135036497899;336.31857638882605;1354.0
767;2019-12-01;Brasil/São Paulo/Marítima;2796.25;2796.25;2796.2498;2780.451034063567;2785.033854166589;8831.0
